id_univoco,hash_contenuto,titolo,testo_completo,data_pubblicazione,fonte,link,ente_origine,paese,importo_eur,azienda_sanzionata,tipo_violazione,data_scraping,fonte_tecnica,ong_collegata,Ambito_Geografico,livello_allarme,Entita_Coinvolte,Sentiment_Direzione,Parole_Chiave,topic_label,confidence,cluster_id,is_primary
28243d046b8a22d64b643b19ac47076dcdd74e5ae275292b883f218a5a201023,fae77dc4aefc49076061f24a42242443503d1472dc4d989ad6d5e17f8ae5b15d,[Spain] Google LLC – AEPD (Spain),"[Spain] Google LLC – AEPD (Spain). Articoli: Article 17 GDPR. Tipo: Complaint. Sommario: The Spanish DAP ordered Google to delist an article based on the ""right to be forgotten"". ==English Summary== ===Facts=== The AEPD issued a decision related to the right to be forgotten under Directive 95/46/EC. Google LLC (Google Spain, S.L) did not respond to a deletion request. ===Holding=== The AEPD ordered Google LLC to comply with a request to delete personal data. It mainly based its decision on the CJEU judgement in [http://curia.europa.eu/juris/document/document.jsf;jsessionid=F",04.11.2019,GDPR Fines - enforcementtracker/gdprhub,https://www.aepd.es/es/documento/td-00185-2019.pdf,AEPD (Spain),Spain,,Google LLC,Complaint,2026-05-23T01:14:37.096853,gdprhub.eu,Amnesty Italia,Italia,2,"['Spain || Stati e Luoghi', 'Holding=== The Aepd Ordered Google Llc To || Stati e Luoghi', 'Facts=== The Aepd Issued || Stati e Luoghi', 'GDPR || Leggi e Regolamentazioni || EU', 'ICO || Istituzioni || Regno Unito', 'AEPD || Istituzioni || Spagna']",NEUTRALE,"['google', 'to', 'aepd', 'spain', 'the']",Non classificato,0.0,-1,True
8869d024c7cc8f2ae707ef6462666373928322019fc2beb5846fe1ac31fac1b8,c745cadd9b5129856a36f3ef104c14c9d181ce7d8fc88c3058bf7fbf511fb27a,[Romania] Raiffeisen Bank S.A – ANSPDCP (Romania),"[Romania] Raiffeisen Bank S.A – ANSPDCP (Romania). Articoli: Article 32(1) GDPR. Tipo: Investigation. Sommario: The ANSPDCP finalised two investigations at Raiffeisen Bank S.A. and Vreau Credit S.R.L. and fined the two data controllers for violation of Article 32(1), (2) and (4) GDPR. ==ANSDPCP English press release== On the 1st of October 2019, the National Supervisory Authority finalised two investigations at Raiffeisen Bank S.A. and Vreau Credit S.R.L. noting the following: Raiffeisen Bank S.A. infringed the provisions of Article 32 paragraph (4) in conjunction with Article 32 paragraph (1) and",01.10.2019,GDPR Fines - enforcementtracker/gdprhub,https://www.dataprotection.ro/?page=Comunicat_Presa_09_10_2019&lang=en,ANSPDCP (Romania),Romania,170000.0,Raiffeisen Bank S.A,Investigation,2026-05-23T01:14:37.787155,gdprhub.eu,Amnesty Italia,Italia,2,"['Raiffeisen Bank S.A. And Vreau Credit S.R.L. And Fined The Two || Aziende e Org Private', 'Romania || Stati e Luoghi', 'Raiffeisen Bank S.A – Anspdcp || Aziende e Org Private', 'Raiffeisen Bank S.A. || Aziende e Org Private', 'Raiffeisen Bank S.A. And Vreau Credit || Aziende e Org Private', 'GDPR || Leggi e Regolamentazioni || EU', 'ICO || Istituzioni || Regno Unito']",NEUTRALE,"['bank', '32', 'two', 'romania', 'anspdcp']",Non classificato,0.0,-1,True
b53fc9698b7c8fcbae28c32f5650c76c55bdbc15578bda5a95cb18d1fc7dadfa,6abaea746b90b1fd4ff0cbd8ea718705af249242dace70d6f0cd477c084d4381,[Belgium] Anonymous – APD/GBA (Belgium),"[Belgium] Anonymous – APD/GBA (Belgium). Articoli: Article 5(1)(c) GDPR. Tipo: Complaint. Sommario: The Belgian DPA (APD/GBA) fined € 10000 for requiring an ID to issue a new loyalty card, which violated the principle of data minimisation. ==English Summary== ===Facts=== The controller asked to a costumer to provide their electronic ID card for the creation of a loyalty card. The costumer did not want the data controller to use their electronic ID card, but only wanted to provide the data in written form. The controller refused to issue the loyalty card. Following the refusal, the costum",31.10.2019,GDPR Fines - enforcementtracker/gdprhub,https://autoriteprotectiondonnees.be/publications/decision-quant-au-fond-n-06-2019.pdf,APD/GBA (Belgium),Belgium,10000.0,Anonymous,Complaint,2026-05-23T01:14:38.506174,gdprhub.eu,Amnesty Italia,USA / Internazionale,2,"['Article || Personaggi Pubblici', 'Belgium || Stati e Luoghi', 'GDPR || Leggi e Regolamentazioni || EU', 'ICO || Istituzioni || Regno Unito']",NEUTRALE,"['the', 'apd', 'belgium', 'gba', 'their']",Non classificato,0.0,-1,True
549b2bbc73929b5041fb8660401783ddb5959454f22c2bb5431323bfcd01405c,a6c6111a5c532701c53506ede556db7fce05b22b848c9aca8013dd4a5ab08a43,[Netherlands] Menzis – AP (The Netherlands),"[Netherlands] Menzis – AP (The Netherlands). Articoli: Article 32 GDPR. Tipo: Investigation. Sommario: The AP fined the health insurance companies Menzis and VGZ € 50.000 for insufficient security measures under [[Article 32 GDPR]]. ==English Summary== <b>Translated summary by the [[AP (The Netherlands)]]:</b><ref>https://autoriteitpersoonsgegevens.nl/nl/nieuws/sancties-voor-menzis-en-vgz-voor-overtreding-van-de-privacywet</ref> In 2018, the Authority for Personal Data (AP) imposed a penalty payment on two health insurers, VGZ and Menzis, for failure to comply with the Privacy Act. Both he",04.11.2019,GDPR Fines - enforcementtracker/gdprhub,https://autoriteitpersoonsgegevens.nl/nl/nieuws/sancties-voor-menzis-en-vgz-voor-overtreding-van-de-privacywet,AP (The Netherlands),Netherlands,50000.0,Menzis,Investigation,2026-05-23T01:14:39.253304,gdprhub.eu,Amnesty Italia,Italia,2,"['The Netherlands || Aziende e Org Private', 'Menzis || Stati e Luoghi', 'Netherlands || Stati e Luoghi', 'GDPR || Leggi e Regolamentazioni || EU', 'ICO || Istituzioni || Regno Unito']",NEUTRALE,"['ap', 'the', '32', 'for', 'two']",Non classificato,0.0,-1,True
6e7e19e97069fc3ad2f9ffb22a3f400b7f9565860acf9ba14e8738d4e09cdd6b,259afa0c1a98ef7086a89c80bf42adaf8eff6b73433909485fe5dc591e045411,[Austria] Österreichische Post AG – DSB (Austria),"[Austria] Österreichische Post AG – DSB (Austria). Articoli: Article 6(1)(f) GDPR. Tipo: Investigation. Sommario: The DSB fined the Austrian Postal Service a record fine of € 18 Mio for generating the likeliness of the political affiliations of Austrian citizens without consent. ==English Summary== ===Facts=== The Austrian postal service (""Österreichische Post AG"", a private stock company, of which 52,9% is owned by the Republic of Austria) also sells data for direct marketing purposes (""list brokerage""). These lists include names and addresses and other factors that are largely generated using othe",29.10.2019,GDPR Fines - enforcementtracker/gdprhub,https://www.dsb.gv.at/dam/jcr:c9c2daf9-9746-4088-bced-dc8e296076e0/Datenschutzbericht_2019.pdf#page=52,DSB (Austria),Austria,18000000.0,Österreichische Post AG,Investigation,2026-05-23T01:14:39.963351,gdprhub.eu,AI Forensics,Italia,2,"['Facts=== The Austrian || Stati e Luoghi', 'Article || Personaggi Pubblici', 'Austria || Stati e Luoghi', 'Österreichische Post Ag – Dsb || Aziende e Org Private', 'GDPR || Leggi e Regolamentazioni || EU', 'ICO || Istituzioni || Regno Unito']",NEUTRALE,"['austria', 'dsb', 'service', 'the', 'of']",Non classificato,0.0,-1,True
afe14f9176f1ea5fc946c66d24d26dd1c8418006231d6583b46aec89b6c94848,816a2f92e225494cba80e7d61099b86d6189f5767a81ecfd53cd5edfb6f21751,[Austria] Anonymous – DSB (Austria),"[Austria] Anonymous – DSB (Austria). Articoli: Article 12(5) GDPR. Tipo: Complaint. Sommario: The DSB found that a fee of €30 for a copy of historic bank transaction data, that is not available via online banking anymore, violates the right to access under [[Article 15 GDPR]]. GDPR is also applicable to cases that were brought under Directive 95/46 but were pending before the DPA on 25. 5. 2018. ==English Summary== ===Facts=== A citizen requested a copy of historic bank transaction data for the past five years in relation to his house management company. Bank transaction data was o",21.05.2018,GDPR Fines - enforcementtracker/gdprhub,https://www.ris.bka.gv.at/Dokument.wxe?ResultFunctionToken=1bc3f128-5499-4e9d-983f-9460bd32ccaf&Position=1&SkipToDocumentPage=True&Abfrage=Dsk&Entscheidungsart=Undefined&Organ=Undefined&SucheNachRechtssatz=True&SucheNachText=True&GZ=&VonDatum=01.01.1990&BisDatum=07.12.2019&Norm=&ImRisSeitVonDatum=&ImRisSeitBisDatum=&ImRisSeit=Undefined&ResultPageSize=100&Suchworte=Bank+Auskunft&Dokumentnummer=DSBT_20180621_DSB_D122_844_0006_DSB_2018_00,DSB (Austria),Austria,,Anonymous,Complaint,2026-05-23T01:14:40.809377,gdprhub.eu,Amnesty Italia,Italia,2,"['Article || Personaggi Pubblici', 'Austria || Stati e Luoghi', 'GDPR || Leggi e Regolamentazioni || EU', 'ICO || Istituzioni || Regno Unito']",NEUTRALE,"['bank', 'dsb', 'austria', 'were', 'under']",Non classificato,0.0,-1,True
e061b0bf5e595a8178c6bcef0d21a5238869945677a5e8c78663db9c370bdc57,0f8c2769ea9917ea0d111cc979a18a4bf94b65dac581f76a50c52fcf90c0f526,[Austria]  – DSB (Austria),"[Austria]  – DSB (Austria). Articoli: Article 5(1)(a) GDPR. Tipo: Investigation. Sommario: The DSB fined a betting store € 5.280 for video surveillance (CCTV) that was recording a wide area in front of the location, without protocols of the usage, without deletion within 72 hours and without public marking of the video surveillance. ==English Summary== ===Facts=== A betting company is running a video surveillance system with two cameras that are mounted next to the entrance of the location. The cameras are filing a wide area of more than 20 meters that goes beyond the immanent",18.09.2018,GDPR Fines - enforcementtracker/gdprhub,https://www.ris.bka.gv.at/Dokumente/Erv/ERV_1999_1_165/ERV_1999_1_165.html,DSB (Austria),Austria,5280.0,,Investigation,2026-05-23T01:14:41.633131,gdprhub.eu,Access Now,USA / Internazionale,2,"['Without Deletion Within 72 Hours And Without Public Marking Of The Video Surveillance || Aziende e Org Private', 'Article || Personaggi Pubblici', 'Austria || Stati e Luoghi', 'Cctv || Aziende e Org Private', 'GDPR || Leggi e Regolamentazioni || EU', 'ICO || Istituzioni || Regno Unito']",NEUTRALE,"['surveillance', 'video', 'without', 'the', 'austria']",Non classificato,0.0,-1,True
14d61d679ddf09e20379cdfc822528dbe716e208c9c11d3d16bf8aa10add11c1,35521f7c3f18545d75402e32f89653c74c3b9a4ec6825673a3ef672d11786196,[Denmark] City of Copenhagen – Datatilsynet (Denmark),"[Denmark] City of Copenhagen – Datatilsynet (Denmark). Articoli: Article 5(1)(c) GDPR. Tipo: Complaint. Sommario: The DPA found that each new citizen's subscription including collection of their personal data for the purpose of handling deletion requests in the Copenhaguen Civil Registration System (CPR) was not necessary for the performance of a task carried out in the plublic interest, under the data minimisation principle and Article 6(1)(e) GDPR. [[Category:Article 6(1)(e) GDPR]] ==English Summary== ===Facts=== A citizen requested the deletion of their personal data into the Copenhagen Civil Regist",25.10.2019,GDPR Fines - enforcementtracker/gdprhub,https://www.datatilsynet.dk/tilsyn-og-afgoerelser/afgoerelser/2019/okt/kommunes-cpr-abonnement-var-i-strid-med-databeskyttelsesreglerne/,Datatilsynet (Denmark),Denmark,,City of Copenhagen,Complaint,2026-05-23T01:14:42.448207,gdprhub.eu,Amnesty Italia,Italia,2,"['Article || Personaggi Pubblici', 'The Copenhaguen Civil Registration System || Aziende e Org Private', 'GDPR || Leggi e Regolamentazioni || EU', 'ICO || Istituzioni || Regno Unito']",NEUTRALE,"['the', 'deletion', 'their', 'denmark', 'citizen']",Non classificato,0.0,-1,True
b53fc9698b7c8fcbae28c32f5650c76c55bdbc15578bda5a95cb18d1fc7dadfa,68ae9be7fdc896cc80fd0e75306e50ef92c8fd511c677438d4fcd6ab52e7c449,[Belgium] Anonymous – APD/GBA (Belgium),"[Belgium] Anonymous – APD/GBA (Belgium). Articoli: Article 12(3) GDPR. Tipo: Complaint. Sommario: The APD/GBA issued a warning because a controller did not delete personal data at request, following job application process. ==English Summary== ===Facts=== A data subject requested the deletion of the personal data held by the data controller in the context of an job application process. The DPA undertook a broader investigation. ===Dispute=== Could the right to be forgotten be restricted in the context of a job application process? ===Holding=== The Belgian DPA found that the contro",31.10.2019,GDPR Fines - enforcementtracker/gdprhub,https://www.autoriteprotectiondonnees.be/publications/decision-quant-au-fond-n-08-2019.pdf,APD/GBA (Belgium),Belgium,,Anonymous,Complaint,2026-05-23T01:14:43.179526,gdprhub.eu,Amnesty Italia,Italia,2,"['Article || Personaggi Pubblici', 'Belgium || Stati e Luoghi', 'Holding=== The Belgian || Stati e Luoghi', 'GDPR || Leggi e Regolamentazioni || EU', 'ICO || Istituzioni || Regno Unito']",NEUTRALE,"['the', 'process', 'belgium', 'gba', 'apd']",Non classificato,0.0,-1,True
ab928955ba1d78b1f761008b9896d282d0bede9736e2dd1805af86c99c95e785,c9b20333ecac06e804fb3a94acf8aacd7122a145a9d1852469e84f8f70d7b3fa,[Germany] Deutsche Wohnen SE – BlnBDI (Berlin),"[Germany] Deutsche Wohnen SE – BlnBDI (Berlin). Articoli: Article 5 GDPR. Tipo: Investigation. Sommario: The Berlin DPA (BlnBDI) fined the real estate company Deutsche Wohnen SE € 14.5 million for violation of [[Article 5 GDPR#1e|Article 5(1)(e)]] and [[Article 25 GDPR#1|Article 25(1) GDPR]] as the company's archive system was structurally unable to delete unnecessary data. ==English Summary== ===Facts=== After having conducted investigations in June 2017, the DPA found that the controller was structurally not deleting data in it's archive. The DPA requested to change the archive system fo",05.11.2019,GDPR Fines - enforcementtracker/gdprhub,https://www.datenschutz-berlin.de/fileadmin/user_upload/pdf/pressemitteilungen/2019/20191105-PM-Bussgeld_DW.pdf,BlnBDI (Berlin),Germany,14500000.0,Deutsche Wohnen SE,Investigation,2026-05-23T01:14:43.871259,gdprhub.eu,AI Forensics,Italia,2,"['Deutsche Wohnen Se – Blnbdi || Stati e Luoghi', 'Facts=== After Having || Stati e Luoghi', 'Germany || Stati e Luoghi', 'Berlin || Stati e Luoghi', 'Deutsche Wohnen Se € 14.5 Million For Violation Of || Aziende e Org Private', 'GDPR || Leggi e Regolamentazioni || EU', 'ICO || Istituzioni || Regno Unito']",NEUTRALE,"['the', 'dpa', 'system', 'article', 'company']",Non classificato,0.0,-1,True
da1bc67378634c10e85326407e291dea5440f2cd2d2080fb73050872a525f739,3f3a655a9307d8f6dc72237767d86b5e8c9998538209b7ae9b05a9e790b69a14,[Greece] Forthnet – HDPA (Greece),"[Greece] Forthnet – HDPA (Greece). Articoli: . Tipo: Complaint. Sommario: The HDPA re-examined complaints against the Greek internet and telecommunications service provider Forthnet.gr upon appeal and decided to reduce the fine it had previously imposed on it. ==English Summary== ===Facts=== The HDPA had initially examined forty seven (47) complaints against Forthnet and upheld thirty four (34) of them. It fined the company EUR 24,000 for violation of Article 11 of L. 3471/2006 (law for the implementation of ePrivacy Directive)and Article 13 of L. 2472/1997 (fo",07.10.2019,GDPR Fines - enforcementtracker/gdprhub,"https://www.dpa.gr/portal/page?_pageid=33,15453&_dad=portal&_schema",HDPA (Greece),Greece,,Forthnet,Complaint,2026-05-23T01:14:44.795414,gdprhub.eu,Amnesty Italia,Italia,2,"['AMI || Tecnologie || IA', 'ICO || Istituzioni || Regno Unito']",NEUTRALE,"['hdpa', 'it', 'complaints', 'greece', 'examined']",Non classificato,0.0,-1,True
f102c984a435ff46e21379e8c1ceec3c82a3fb23923657aea4b760ada65cc07a,89c8767a4f0ff5be53ec2a76b8d0886c49f2e24dc7a5caf71fa15ea8fd92de24,[United Kingdom] Pendle Borough Council – ICO (UK),[United Kingdom] Pendle Borough Council – ICO (UK). Articoli: Article 4(1) GDPR. Tipo: Complaint. Sommario: ICO issued a decision regarding access to third party personal data. ==English Summary== ===Facts=== The complainant has requested a copy of an inspection report named kennels to the Pendle Borough Council (the Council). The Council refused as it considered it to be third party personal data under 40(2) of the Freedom of Information Act (FOIA). The complainant challenged the decision before the ICO. ===Dispute=== Is the information personal data? Would disclosure contravene GDPR princi,28.10.2019,GDPR Fines - enforcementtracker/gdprhub,https://ico.org.uk/media/action-weve-taken/decision-notices/2019/2616170/fs50819531.pdf,ICO (UK),United Kingdom,,Pendle Borough Council,Complaint,2026-05-23T01:14:45.490695,gdprhub.eu,Amnesty Italia,Italia,2,"['Regarding Access To Third Party Personal || Stati e Luoghi', 'United Kingdom] Pendle Borough Council || Aziende e Org Private', 'Article || Aziende e Org Private', 'The Council || Aziende e Org Private', 'GDPR || Leggi e Regolamentazioni || EU', 'ICO || Istituzioni || Regno Unito']",NEUTRALE,"['council', 'ico', 'the', 'third', 'party']",Non classificato,0.0,0,True
cac6acfa6238db68dd9c9be1b5335d76ba21390f12780d83976741a25722b48b,2e8e0ebe6177a26891a2a3204fb737b399acc9e8ed72fd76eb6357614ab2d8e8,[Cyprus] Anonymous – Commissioner (Cyprus),"[Cyprus] Anonymous – Commissioner (Cyprus). Articoli: Article 6(1)(a) GDPR. Tipo: Complaint. Sommario: The Commissioner fined a doctor € 14,000 for publishing sensitive patient data on Instagram. ==English summary== ===Facts=== Patient filed a complaint with the Commissioner because her doctor published her sensitive personal data in addition to her full identity on the social network Instagram without her prior consent. After investigation, the Commissioner found that the patient's consent for processing of her personal data did not cover the communication of this data on Instagram. ===",11.10.2019,GDPR Fines - enforcementtracker/gdprhub,https://in-cyprus.com/doctor-fined-e14000-for-revealing-personal-data-of-patient-on-instagram/,Commissioner (Cyprus),Cyprus,14000.0,Anonymous,Complaint,2026-05-23T01:14:46.324172,gdprhub.eu,AI Forensics,Italia,2,"['Article || Personaggi Pubblici', 'Cyprus || Stati e Luoghi', 'Facts=== Patient || Stati e Luoghi', 'Instagram || Stati e Luoghi', 'Instagram Without Her Prior Consent || Aziende e Org Private', 'GDPR || Leggi e Regolamentazioni || EU', 'ICO || Istituzioni || Regno Unito']",NEUTRALE,"['her', 'patient', 'the', 'consent', 'on']",Non classificato,0.0,-1,True
9f59fd176cd50a5c0e0ad5b3bf75308bbbcb685dedff1e6751c900f7deaf057c,176659d401655bfd2f80e0063a90307ee2b29c66b9f9325ad12fd9a15c68db69,[Poland] ClickQuickNow Sp. z o – UODO (Poland),"[Poland] ClickQuickNow Sp. z o – UODO (Poland). Articoli: Article 7(3) GDPR. Tipo: Investigation. Sommario: The UODO imposed a fine of ca €47,000 on a limited liability company ClickQuickNow Sp. z o. o. for preventing the exercise of the right to withdraw consent. [[Category:Article 5(1)(a) GDPR]] ==English Summary== ===Facts and questions arising=== In February 2019, the UODO carried out investigation regarding the compliance of processing operations with the GDPR at the ClickQuickNow Sp. z o. o. ===Holding=== The UODO found that the company did not take appropriate technical and organisati",05.11.2019,GDPR Fines - enforcementtracker/gdprhub,https://uodo.gov.pl/decyzje/ZSPR.421.7.2019,UODO (Poland),Poland,47120.0,ClickQuickNow Sp. z o,Investigation,2026-05-23T01:14:47.200551,gdprhub.eu,Access Now,Italia,2,"['Article || Personaggi Pubblici', 'Z O. O. || Personaggi Pubblici', 'Poland || Stati e Luoghi', 'Z O. O. For Preventing The Exercise Of The Right To Withdraw Consent || Personaggi Pubblici', 'Holding=== The Uodo Found That The Company Did Not Take Appropriate Technical And Organisati || Stati e Luoghi', 'Uodo || Stati e Luoghi', 'GDPR || Leggi e Regolamentazioni || EU', 'ICO || Istituzioni || Regno Unito']",NEUTRALE,"['uodo', 'the', 'poland', 'company', 'investigation']",Non classificato,0.0,-1,True
87dd5343827e5f1a6cdbe2ceb5097e1785551941ba085acd893c4e8874d933dc,8ee45c7a3aec89ca0ac7884964bfe23252a0df1522777071c92ec6a6ba79e1cb,[United Kingdom] Ministry of Defence – ICO (UK),"[United Kingdom] Ministry of Defence – ICO (UK). Articoli: Article 4(1) GDPR. Tipo: Complaint. Sommario: The ICO issued a decision regarding the refusal to access to third party personal data. ==English Summary== ===Facts=== The complainant submitted a request to the Ministry of Defence (MOD) under the UK Freedom of Information Act (FOIA) seeking access to a fax cover sheet sent to the Veterans Welfare Service regarding a claim for payment following the death in service of the complainant’s son. The MOD provided the complainant with a redacted version of the document in question, but sought",01.11.2019,GDPR Fines - enforcementtracker/gdprhub,https://ico.org.uk/media/action-weve-taken/decision-notices/2019/2616251/fs50834927.pdf,ICO (UK),United Kingdom,,Ministry of Defence,Complaint,2026-05-23T01:14:47.924351,gdprhub.eu,Amnesty Italia,USA / Internazionale,2,"['The Complainant With || Aziende e Org Private', 'Article || Aziende e Org Private', 'United Kingdom] Ministry Of Defence || Aziende e Org Private', 'Facts=== || Stati e Luoghi', 'GDPR || Leggi e Regolamentazioni || EU', 'ICO || Istituzioni || Regno Unito']",NEUTRALE,"['the', 'ministry', 'uk', 'ico', 'complainant']",Non classificato,0.0,0,False
30d70e9fda444c31a3dfe9673422d1a20a006732aa8fe8da83ff92cad790b3fc,9455b24546799a42cd0b2b8a5a2622e99f6ca9a8744a01b6bdac3f9a4a31d205,[United Kingdom] University of Leicester – ICO (UK),"[United Kingdom] University of Leicester – ICO (UK). Articoli: Article 4(1) GDPR. Tipo: Complaint. Sommario: [[Category:2019]] [[Category:Article 12(5) GDPR]] The ICO issued a decisions regarding refusal to access to third party personal data. ==English Summary== ===Facts=== The complainant has requested information from University of Leicester about external examiners for the department of engineering between the years 2010 to 2018. The University withheld the information, citing section 40(2) (personal information) of the FOIA. The complainant challenged the decision before the ICO. ===",01.11.2019,GDPR Fines - enforcementtracker/gdprhub,https://ico.org.uk/media/action-weve-taken/decision-notices/2019/2616248/fs50839431.pdf,ICO (UK),United Kingdom,,University of Leicester,Complaint,2026-05-23T01:14:48.619077,gdprhub.eu,Amnesty Italia,USA / Internazionale,2,"['United Kingdom] University Of Leicester || Aziende e Org Private', 'The University Withheld The Information || Aziende e Org Private', 'Article || Personaggi Pubblici', 'Regarding Refusal To Access To Third Party Personal || Aziende e Org Private', 'GDPR || Leggi e Regolamentazioni || EU', 'AMI || Tecnologie || IA', 'ICO || Istituzioni || Regno Unito']",NEUTRALE,"['ico', 'the', 'category', 'information', 'complainant']",Non classificato,0.0,0,False
74ac5e72ca900e65954c0e70fdf3ae4dcebc1404aab18f0a6e5b76f96d9fa553,e3955543a2b6eafdc97ca48987018c10bfa66feccc0aae119582414d2aec02b7,[United Kingdom] Canterbury City Council – ICO (UK),"[United Kingdom] Canterbury City Council – ICO (UK). Articoli: Article 4(1) GDPR. Tipo: Complaint. Sommario: The ICO issued a decision, regarding disclosure of information which do not include personal data [[Category:2019]] ==English Summary== ===Facts=== The complainant has requested the disclosure of information about complaints in respect of a specified property over a defined period of time. Canterbury City Council (“the Council”) withheld the information because it considered that the information within scope was the personal data of third parties and that disclosure would breach the GDP",01.11.2019,GDPR Fines - enforcementtracker/gdprhub,https://ico.org.uk/media/action-weve-taken/decision-notices/2019/2616245/fs50810710.pdf,ICO (UK),United Kingdom,,Canterbury City Council,Complaint,2026-05-23T01:14:49.310442,gdprhub.eu,Amnesty Italia,Italia,2,"['Regarding || Stati e Luoghi', 'Canterbury City Council || Aziende e Org Private', 'Article || Aziende e Org Private', 'United Kingdom] Canterbury City Council || Aziende e Org Private', 'GDPR || Leggi e Regolamentazioni || EU', 'ICO || Istituzioni || Regno Unito']",NEUTRALE,"['council', 'disclosure', 'information', 'the', 'ico']",Non classificato,0.0,1,True
74ac5e72ca900e65954c0e70fdf3ae4dcebc1404aab18f0a6e5b76f96d9fa553,eb0a4f150f2246e2a0f0ac5a6c0b9d97029518182c9988dc28343eeeac8bb8a6,[United Kingdom] Canterbury City Council – ICO (UK),"[United Kingdom] Canterbury City Council – ICO (UK). Articoli: Article 4(1) GDPR. Tipo: Complaint. Sommario: The Commissioner ruled that complaints about a property were the complainant's personal data and applied Regulation 5(3) of the EIR to prevent disclosure, ==English Summary== ===Facts=== On February 5, 2019, the complainant requested from Canterbury City Council (""the Council"") copies of complaints made by third parties about a specific address from 1978 to December 2018. The Council refused, stating that the information was the personal data of the individuals who had submitted the compla",01.11.2019,GDPR Fines - enforcementtracker/gdprhub,https://ico.org.uk/media/action-weve-taken/decision-notices/2019/2616232/fer0851659.pdf,ICO (UK),United Kingdom,,Canterbury City Council,Complaint,2026-05-23T01:14:50.021349,gdprhub.eu,Amnesty Italia,Italia,2,"['English Summary== || Stati e Luoghi', 'Article || Aziende e Org Private', 'United Kingdom] Canterbury City Council || Aziende e Org Private', 'The Council || Aziende e Org Private', 'GDPR || Leggi e Regolamentazioni || EU', 'ICO || Istituzioni || Regno Unito']",NEUTRALE,"['council', 'the', 'city', 'complaints', 'about']",Non classificato,0.0,1,False
0ab5f4e982315ac79cacb927700426df9e3a3f7b8c4628006f55c660c43a1d33,6021ed7c964e19165cfd6dbdc567aa0c0e1375bc2ceacfe9dd16b4b6384bb7b5,[Denmark] Unknown municipality – Datatilsynet (Denmark),"[Denmark] Unknown municipality – Datatilsynet (Denmark). Articoli: Article 5(1)(c) GDPR. Tipo: Complaint. Sommario: The Datatilsynet confirmed that a municipality had a legal basis to process information about citizens who used a “type-ahead” search function on the municipality’s website. ==English Summary== ===Facts=== The DPA examined a complaint against a search function which suggested certain search suggestions automatically. Thus, when entering certain words, the complainant’s name was automatically suggested and two search results appeared in the search engine. ===Dispute=== Is there a legal b",25.10.2019,GDPR Fines - enforcementtracker/gdprhub,https://www.datatilsynet.dk/afgoerelser/afgoerelser/2019/okt/klage-over-soegefunktion-paa-kommunes-hjemmeside,Datatilsynet (Denmark),Denmark,,Unknown municipality,Complaint,2026-05-23T01:14:50.803478,gdprhub.eu,Amnesty Italia,Italia,2,"['Article || Personaggi Pubblici', 'Municipality Had || Stati e Luoghi', 'GDPR || Leggi e Regolamentazioni || EU', 'AMI || Tecnologie || IA', 'ICO || Istituzioni || Regno Unito']",NEUTRALE,"['legal', 'denmark', 'datatilsynet', 'the', 'two']",Non classificato,0.0,-1,True
3d785cc0245c015c11d57e6c9b10236532a64a5784c47e02851e4ac761aeb93d,21e647298a79af32b01c78e314143cfa5d62e610b5430c1bc86531890a44b64a,[Greece] Ergasias S.A – HDPA (Greece),[Greece] Ergasias S.A – HDPA (Greece). Articoli: Article 15 GDPR. Tipo: Other. Sommario: The HDPA rejected appeal filed by the Greek bank Eurobank Ergasias S.A. against HDPA's older decision linked to the exercise of the right to access and right to object under GDPR. ==English Summary== ===Facts=== The Greek bank Eurobank Ergasias S.A. appealed before the HDPA to challenge HDPA's older decision. The appealed decision provided advises on what measures the Bank should have taken to properly respond to a data subject's access request and to guarantee the exercise of the right to,25.10.2019,GDPR Fines - enforcementtracker/gdprhub,https://www.dpa.gr/portal/page?_pageid=33%2C15453&_dad=portal&_schema=PORTAL&_piref33_15473_33_15453_15453.etos=2019&_piref33_15473_33_15453_15453.arithmosApofasis=&_piref33_15473_33_15453_15453.thematikiEnotita=-1&_piref33_15473_33_15453_15453.ananeosi=%CE%91%CE%BD%CE%B1%CE%BD%CE%AD%CF%89%CF%83%CE%B7,HDPA (Greece),Greece,,Ergasias S.A,Other,2026-05-23T01:14:51.601117,gdprhub.eu,Amnesty Italia,Asia,2,"['GDPR || Leggi e Regolamentazioni || EU', 'ICO || Istituzioni || Regno Unito']",NEUTRALE,"['hdpa', 'bank', 'the', 'to', 'decision']",Non classificato,0.0,-1,True
afe14f9176f1ea5fc946c66d24d26dd1c8418006231d6583b46aec89b6c94848,ed7777b73ac583ba5dc8b49200b6d1f1a9dc456be9071e5b51a4beede4616dd7,[Austria] Anonymous – DSB (Austria),"[Austria] Anonymous – DSB (Austria). Articoli: Article 17 GDPR. Tipo: Complaint. Sommario: [[Category:Article 12(5) GDPR]] The DSB issued a decision related to the righ to be forgotten: to exercise this right, the controller may not require more data than the ones previously asked to the data subject. ==English Summary== ===Facts=== An online user has registered with his own email address and his wife's first name on a webpage. Despite the fact that no further information was required by the page, he added the gender ""female"" bis ZIP code and a phone number. Later, he request",21.05.2018,GDPR Fines - enforcementtracker/gdprhub,https://www.ris.bka.gv.at/Dokument.wxe?ResultFunctionToken=cd614296-7bc1-415c-bd8f-c468f8e73015&Position=1&Abfrage=Dsk&Entscheidungsart=Undefined&Organ=Undefined&SucheNachRechtssatz=True&SucheNachText=True&GZ=&VonDatum=01.01.1990&BisDatum=&Norm=&ImRisSeitVonDatum=&ImRisSeitBisDatum=&ImRisSeit=Undefined&ResultPageSize=100&Suchworte=&Dokumentnummer=DSBT_20191108_DSB_D122_970_0004_DSB_2019_00,DSB (Austria),Austria,,Anonymous,Complaint,2026-05-23T01:14:52.345267,gdprhub.eu,Amnesty Italia,Italia,2,"['Article || Personaggi Pubblici', 'Austria || Stati e Luoghi', 'GDPR || Leggi e Regolamentazioni || EU', 'ICO || Istituzioni || Regno Unito']",NEUTRALE,"['the', 'dsb', 'austria', 'he', 'his']",Non classificato,0.0,-1,True
c792c8d4620237dde028c4deef2ebaa15f06260f799182bae241cde8550d4833,a78bdf7362e774f46d659ecc5f91a7ebb499280ae1cb5eec9412f292ca2dde2d,[Spain] Vodafone – AEPD (Spain),"[Spain] Vodafone – AEPD (Spain). Articoli: Article 5(1)(f) GDPR. Tipo: Complaint. Sommario: Vodafone has been fined € 44.000 for accidentally disclosing personal data to a third party. ==English Summary== ===Facts=== A third-party received several documents related to a contract with Vodaphone, containing the complainant's personal data. Thus, the complainant filed a complaint with the AEPD. Vodaphone claimed that a mistake has been made by on of its employee in good faith. ===Dispute=== Can a mistake made in good faith justify the sharing of personal data to a third-party? =",07.01.2020,GDPR Fines - enforcementtracker/gdprhub,https://www.aepd.es/es/documento/ps-00093-2019.pdf,AEPD (Spain),Spain,44000.0,Vodafone,Complaint,2026-05-23T01:14:53.219521,gdprhub.eu,AI Forensics,Italia,2,"['Thus || Personaggi Pubblici', 'Vodaphone || Stati e Luoghi', 'Spain || Stati e Luoghi', 'For Accidentally || Personaggi Pubblici', 'Vodafone || Aziende e Org Private', 'GDPR || Leggi e Regolamentazioni || EU', 'ICO || Istituzioni || Regno Unito', 'AEPD || Istituzioni || Spagna']",NEUTRALE,"['party', 'third', 'vodafone', 'been', 'has']",Non classificato,0.0,2,True
264f57c01d53063022e6f6d042c705b832f597d16dae30421c8d20aae76218d0,4601bd41cef93dcdb1cda4a9446b7e7db0424c93d0eebca7a9e4849a0a9c3451,"[Spain] EDP Comercializadora, S.A.U. – AEPD (Spain)","[Spain] EDP Comercializadora, S.A.U. – AEPD (Spain). Articoli: Article 6(1) GDPR. Tipo: Complaint. Sommario: The Spanish DPA (AEPD) imposed a fine of €75,000 on EDP Comercializadora, S.A.U. for violating Article 6(1) of the GDPR by having processed personal data without the data subject's consent. ==English Summary== ===Facts=== On 19 and 20 September 2018, the claimant reported to the Spanish DPA (AEPD) that EDP Comercializadora, S.A.U. (the defendant) has been processing his personal data (name, surname, ID number, address, telefon number) without his consent in the context of a gas supply cont",11.12.2020,GDPR Fines - enforcementtracker/gdprhub,https://www.aepd.es/es/documento/ps-00025-2019.pdf,AEPD (Spain),Spain,75000.0,"EDP Comercializadora, S.A.U.",Complaint,2026-05-23T01:14:54.090302,gdprhub.eu,Amnesty Italia,Italia,2,"['Spain || Stati e Luoghi', 'S.A.U. || Stati e Luoghi', 'Comercializadora || Stati e Luoghi', 'GDPR || Leggi e Regolamentazioni || EU', 'DORA || Leggi e Regolamentazioni || EU', 'ICO || Istituzioni || Regno Unito', 'AEPD || Istituzioni || Spagna']",NEUTRALE,"['the', 'spanish', 'aepd', 'without', 'consent']",Non classificato,0.0,2,False
c238a6d0f97d5b8533113a42dab34dcca3c878ee67fd590319179578eb4d6741,9b05c56ade9bc431d9d0e54fb176f6b457db17549f175f104d2ea189469ab381,[Greece] Wind Hellas – HDPA (Greece),"[Greece] Wind Hellas – HDPA (Greece). Articoli: Article 4(1) GDPR. Tipo: Investigation. Sommario: The HDPA imposed a fine of EUR 20,000 and a reprimand to the telecommunication company Wind Hellas for violation of the GDPR and of the national law implementing the ePrivacy Directive and it issued a reprimand to the telephone services company ΠΛΕΓΜΑ ΝΕΤ for violation of the GDPR. ==English Summary== ===Facts=== The HDPA examined six complaints against Wind Hellas (hereafter ""Wind"") and ΠΛΕΓΜΑ ΝΕΤ for unsolicited calls with human intervention for direct marketing purposes. Wind claimed, am",18.10.2019,GDPR Fines - enforcementtracker/gdprhub,https://www.dpa.gr/portal/page?_pageid=33%2C15453&_dad=portal&_schema=PORTAL&_piref33_15473_33_15453_15453.etos=2019&_piref33_15473_33_15453_15453.arithmosApofasis=&_piref33_15473_33_15453_15453.thematikiEnotita=-1&_piref33_15473_33_15453_15453.ananeosi=%CE%91%CE%BD%CE%B1%CE%BD%CE%AD%CF%89%CF%83%CE%B7,HDPA (Greece),Greece,20000.0,Wind Hellas,Investigation,2026-05-23T01:14:55.087018,gdprhub.eu,AI Forensics,Italia,2,"['Reprimand To The Telephone Services || Aziende e Org Private', 'Wind Claimed || Aziende e Org Private', 'Wind || Aziende e Org Private', 'Wind Hellas || Aziende e Org Private', 'Wind Hellas For Violation Of The Gdpr And Of The National Law || Leggi e Regolamentazioni', 'Article || Aziende e Org Private', 'GDPR || Leggi e Regolamentazioni || EU', 'AMI || Tecnologie || IA', 'ICO || Istituzioni || Regno Unito']",NEUTRALE,"['hdpa', 'the', 'greece', 'for', 'violation']",Non classificato,0.0,-1,True
77ff4e50d2c54b440723cd42a3da69f35bd374fa0e126826e28f40b27a7ed87a,ce4fb185e79ca23451d7403414476122637fe3893437d20a1f5ce0d8c43f228a,[Slovenia] anonymous – IP (Slovenia),"[Slovenia] anonymous – IP (Slovenia). Articoli: Article 5(1)(f) GDPR. Tipo: Advisory Opinion. Sommario: On 4 November 2019, the Slovenian DPA (IP) exercised its powers under Article 58(3) GDPR to issue an advisory opinion regarding processor's and controller's roles. ==English Summary== ===Facts and questions arising=== The legal entity which requested the opinion is a third party service provider which collects through parents and the service provider, the children’s personal data for the purpose of organising trips. The legal entity receives and collects the information necessary for the s",04.11.2019,GDPR Fines - enforcementtracker/gdprhub,https://www.ip-rs.si/vop/?tx_jzgdprdecisions_pi1%5BshowUid%5D=977,IP (Slovenia),Slovenia,,anonymous,Advisory Opinion,2026-05-23T01:14:55.939726,gdprhub.eu,Access Now,Italia,2,"['Slovenia || Stati e Luoghi', 'Entity Which Requested The Opinion Is A Third Party Service || Personaggi Pubblici', 'Arising=== The || Personaggi Pubblici', 'GDPR || Leggi e Regolamentazioni || EU', 'ICO || Istituzioni || Regno Unito']",NEUTRALE,"['opinion', 'the', 'slovenia', 'legal', 'ip']",Non classificato,0.0,3,True
77ff4e50d2c54b440723cd42a3da69f35bd374fa0e126826e28f40b27a7ed87a,db0a85bbe13efe7bcbd394e7d80d453ecf8ca57623446a2c71220db3fb834c15,[Slovenia] anonymous – IP (Slovenia),"[Slovenia] anonymous – IP (Slovenia). Articoli: . Tipo: Advisory Opinion. Sommario: On 4 November 2019, the Slovenian DPA (IP) exercised its powers under Article 58(3) GDPR to issue an advisory opinion regarding requirements for a consent. ==English Summary== ===Facts and questions arising=== The DPA has been asked whether a patient’s personal data can be disclosed on her behalf to her caregiver’s lawyer. In these circumstances, the patient still enjoys her legal capacity. ===Holding=== The DPA answered that the patient should nevertheless give her consent to such disc",04.11.2019,GDPR Fines - enforcementtracker/gdprhub,https://www.ip-rs.si/mnenja-gdpr/6048a38d44e0a,IP (Slovenia),Slovenia,,anonymous,Advisory Opinion,2026-05-23T01:14:56.765668,gdprhub.eu,Slow Web,Italia,2,"['Slovenia || Stati e Luoghi', 'GDPR || Leggi e Regolamentazioni || EU', 'ICO || Istituzioni || Regno Unito']",NEUTRALE,"['her', 'patient', 'opinion', 'slovenia', 'ip']",Non classificato,0.0,3,False
a750b8f676a6f3b580ed8905a394f9d660a1465237022a54a1648633ac1d49ef,433cecad62c1e8e31f04b59248cb20efca7b527d36fb4cad2bcd16faf655a057,[Spain] Joker Premium Invex – AEPD (Spain),[Spain] Joker Premium Invex – AEPD (Spain). Articoli: Article 6(1)(a) GDPR. Tipo: Complaint. Sommario: The AEPD imposed a fine of € 6.000 for unlawful processing data from a public registry without a legal basis under Article 6 GDPR. ==English Summary== ===Facts=== A citizen filled a complaint with the AEPD regarding the unlawful processing of his personal data. He claimed that his personal data was processed by the public administration for registration purposes only. The data was shared with the company Joker Premium (the controller) without a legal basis. ===Dispute=== Is consent neces,07.01.2019,GDPR Fines - enforcementtracker/gdprhub,https://www.aepd.es/es/documento/ps-00291-2019.pdf,AEPD (Spain),Spain,6000.0,Joker Premium Invex,Complaint,2026-05-23T01:14:57.613037,gdprhub.eu,Amnesty Italia,Italia,2,"['Spain || Stati e Luoghi', 'Article || Personaggi Pubblici', 'GDPR || Leggi e Regolamentazioni || EU', 'ICO || Istituzioni || Regno Unito', 'AEPD || Istituzioni || Spagna']",NEUTRALE,"['legal', 'the', 'aepd', 'without', 'public']",Non classificato,0.0,2,False
c5c387becfd8516ed22bd3975c41d8f44ec9fde6fc0eb2b93fc0849903b34d94,128bf683af468018ea6c7f05e317c070d1d9686df7703b31b4aeed2045fe44ef,[Spain] El Maestro Cerrajero SL – AEPD (Spain),"[Spain] El Maestro Cerrajero SL – AEPD (Spain). Articoli: Article 13 GDPR. Tipo: Complaint. Sommario: The AEPD found that the El Maestro Cerrajero SL’s privacy policy complied with Article 13 GDPR, after the page was updated by the controller during the procedure. ==English Summary== ===Facts=== After a complaint submitted by Consumer Institute of Madrid regarding the violation of Article 13 of the GDPR, the AEPD initiated a reprimand procedure against the company El Maestro Cerrajero SL (the controller). The policy still referred to the national law before the introduction of GDPR. Dur",04.11.2019,GDPR Fines - enforcementtracker/gdprhub,https://www.aepd.es/es/documento/ps-00324-2019.pdf,AEPD (Spain),Spain,,El Maestro Cerrajero SL,Complaint,2026-05-23T01:14:58.450709,gdprhub.eu,AI Forensics,Italia,2,"['Spain || Stati e Luoghi', 'Facts=== After || Stati e Luoghi', 'Reprimand || Aziende e Org Private', 'GDPR || Leggi e Regolamentazioni || EU', 'ICO || Istituzioni || Regno Unito', 'AEPD || Istituzioni || Spagna']",NEUTRALE,"['the', '13', 'policy', 'aepd', 'after']",Non classificato,0.0,4,True
2b13c856f4669f08a635ff988f6a2fa6f66d8a0bc277c37d139822bf64c777aa,89415b60fab47f3e81a83b4b7a2ad0812b67fff8b1d81f0670591b64a5cab044,[Spain] KUTXABANK S.A. – AEPD (Spain),"[Spain] KUTXABANK S.A. – AEPD (Spain). Articoli: Article 15 GDPR. Tipo: Complaint. Sommario: The DPA ordered a bank (KUTXABANK S.A.) to respond to a subject access request. ==English Summary== ===Facts=== A bank's client complained that they could not exercise their right to access after the bank had blocked his account due to debts. The bank refused to fulfill the request, claiming that it does not process personal data anymore since the account was blocked. ===Dispute=== Could the controller refuse to answer to a request for access because the requested data is part of a ""bl",04.11.2019,GDPR Fines - enforcementtracker/gdprhub,https://www.aepd.es/es/documento/td-00182-2019.pdf,AEPD (Spain),Spain,,KUTXABANK S.A.,Complaint,2026-05-23T01:14:59.169395,gdprhub.eu,AI Forensics,Italia,2,"['Spain || Stati e Luoghi', 'S.A. || Stati e Luoghi', ""Bank'S Client Complained That They Could Not Exercise Their Right To Access After The Bank Had Blocked His || Aziende e Org Private"", 'S.A. – Aepd || Stati e Luoghi', 'GDPR || Leggi e Regolamentazioni || EU', 'ICO || Istituzioni || Regno Unito', 'AEPD || Istituzioni || Spagna']",NEUTRALE,"['bank', 'request', 'access', 'to', 'account']",Non classificato,0.0,-1,True
6f1bdc5e01749a176fdae745e28b8416ba3f6bd8497fef2b4bed6f3fade0f447,6f7332f1c8a3e13a2400f32aab3d85fc86d43819740946c8f396cc38d6dc70f4,"[Spain] Madrileña Red De Gas, S.A.U. – AEPD (Spain)","[Spain] Madrileña Red De Gas, S.A.U. – AEPD (Spain). Articoli: Article 5(1)(f) GDPR. Tipo: Complaint. Sommario: The AEPD fined a gas distribution company €12,000 for a violation of Article 5(1)(f) of the GDPR. ==English Summary== ===Facts=== A customer of a gas distribution company (Madrileña Red De Gas, S.A.U) complained to the AEPD claiming that the company had provided the complainant's tenant with his personal data without prior authorisation to do so. The DPA found that the supply contract was only between the complainant and the company, so that the tenant was a third party. ===Dispute===",05.11.2019,GDPR Fines - enforcementtracker/gdprhub,https://www.aepd.es/es/documento/ps-00188-2019.pdf,AEPD (Spain),Spain,,"Madrileña Red De Gas, S.A.U.",Complaint,2026-05-23T01:15:00.184073,gdprhub.eu,Amnesty Italia,Italia,2,"['Spain || Stati e Luoghi', 'Article || Aziende e Org Private', 'GDPR || Leggi e Regolamentazioni || EU', 'ICO || Istituzioni || Regno Unito', 'AEPD || Istituzioni || Spagna']",NEUTRALE,"['the', 'company', 'de', 'aepd', 'complainant']",Non classificato,0.0,-1,True
fdfe338dcc6e8d327a2e4e4ab9fce30f342aa51a4061b445e3fbe32337c48341,8641cc492b66c015a9ed0f6448e7eabd6766869ee0fb360541d243ad436e6b49,[Spain] Cerrajero Online SL – AEPD (Spain),"[Spain] Cerrajero Online SL – AEPD (Spain). Articoli: Article 13 GDPR. Tipo: Complaint. Sommario: The AEPD held that an outdated privacy policy on a webpage violates Article 13 GDPR. ==English Summary== ===Facts=== The Consumer Institute of Madrid filed a complaint before the DPA with regard to the company's privacy policy which did not contain accurate information about how the company collects personal data and still refers to older national laws, instead of GDPR. ===Dispute=== Does an non-updated privacy policy infringe Article 13 GDPR? Shoud the AEPD calculate the fine by taki",06.11.2019,GDPR Fines - enforcementtracker/gdprhub,https://www.aepd.es/es/documento/ps-00266-2019.pdf,AEPD (Spain),Spain,1500.0,Cerrajero Online SL,Complaint,2026-05-23T01:15:01.363617,gdprhub.eu,Amnesty Italia,Italia,2,"['Spain || Stati e Luoghi', 'GDPR || Leggi e Regolamentazioni || EU', 'ICO || Istituzioni || Regno Unito', 'AEPD || Istituzioni || Spagna']",NEUTRALE,"['13', 'policy', 'privacy', 'the', 'aepd']",Non classificato,0.0,4,False
92cae93a02a402928b32975b5a525e6be0b24581b0088c5c99108241fff0646f,0523f3298bed335a4d3cb771677f4d148aa450e6d0ca91f6d6ed4bc9325caf38,[Spain] promofarma ecom S.L – AEPD (Spain),"[Spain] promofarma ecom S.L – AEPD (Spain). Articoli: Article 5(1)(f) GDPR. Tipo: Investigation. Sommario: The AEPD confirmed an online pharmacy's (Promofarma ecom S.L) compliance with the GDPR after having used its investigation powers. ==English Summary== ===Facts=== The AEPD carried out an ''ex officio'' investigation. ===Holding=== The AEPD found the existence of a data breach by possible access to personal data. 1,300,000 data sets were lost through an external attack. The data was subsequently found on the deepweb. However, the AEPD confirmed that Promofarma, had technical and or",06.11.2019,GDPR Fines - enforcementtracker/gdprhub,https://www.aepd.es/es/documento/e-08205-2019.pdf,AEPD (Spain),Spain,,promofarma ecom S.L,Investigation,2026-05-23T01:15:02.315462,gdprhub.eu,AI Forensics,Italia,2,"['Was Subsequently Found On The Deepweb || Personaggi Pubblici', 'However || Stati e Luoghi', 'Spain || Stati e Luoghi', 'That Promofarma || Aziende e Org Private', 'Holding=== The Aepd Found The Existence Of || Stati e Luoghi', 'GDPR || Leggi e Regolamentazioni || EU', 'ICO || Istituzioni || Regno Unito', 'AEPD || Istituzioni || Spagna']",NEUTRALE,"['aepd', 'the', 'confirmed', 'an', 'investigation']",Non classificato,0.0,-1,True
6259edb0ccb54ddcabe01a26162e7703334e1ae62078c4b3b298cb95e42e93a3,446844fc8a5d7098e39a81bc1f569f02ee90636349d0e80e4e8660ce766f6dd9,"[Spain] Intercambiador detransportes avenida de america, S.A.U. – AEPD (Spain)","[Spain] Intercambiador detransportes avenida de america, S.A.U. – AEPD (Spain). Articoli: Article 32 GDPR. Tipo: Investigation. Sommario: The AEPD approved a transport hub's compliance with Articles 32 and 33 GDPR after having used its investigation powers. ==English Summary== ===Facts=== After a security guard of Madrid’s public transport system filmed the screen of a video surveillance system with his phone and shared the video via WhatsApp, the AEPD carried out an investigation. ===Holding=== The AEPD found a data breach due to the improper filming of the screens in the video surveillance control center. However, t",06.11.2019,GDPR Fines - enforcementtracker/gdprhub,https://www.aepd.es/es/documento/e-08158-2019.pdf,AEPD (Spain),Spain,,"Intercambiador detransportes avenida de america, S.A.U.",Investigation,2026-05-23T01:15:03.304553,gdprhub.eu,AI Forensics,USA / Internazionale,2,"['S.A.U. || Stati e Luoghi', 'Spain || Personaggi Pubblici', 'However || Stati e Luoghi', 'Holding=== The Aepd Found || Stati e Luoghi', 'Facts=== After || Stati e Luoghi', 'GDPR || Leggi e Regolamentazioni || EU', 'ICO || Istituzioni || Regno Unito', 'AEPD || Istituzioni || Spagna']",NEUTRALE,"['video', 'aepd', 'the', 'surveillance', 'system']",Non classificato,0.0,-1,True
dea4ea94f1bcc0a0718e8619a2cb3c068516b987b23a69d57c2ef07ecb4cf152,500d250099be0f06b21abf20604109b2d9f3fc296959a08316d3ab5bfd42e47b,[Spain] Centros comerciales Carrefour S.A. – AEPD (Spain),"[Spain] Centros comerciales Carrefour S.A. – AEPD (Spain). Articoli: Article 32 GDPR. Tipo: Investigation. Sommario: The AEPD approved Centros comerciales Carrefour S.A compliance with the GDPR after having used its investigation powers. ==English Summary== ===Facts and questions arising=== The AEPD received a data breach notification sent by Centros comerciales Carrefour S.A. (Carrefour) in which they inform having suffered from a cyberattack. Thus, the AEPED carried out an investigation. ===Holding=== Th AEPD found there was no evidence showing illegal access to the Carrefour information system. A",06.11.2019,GDPR Fines - enforcementtracker/gdprhub,https://www.aepd.es/es/documento/e-08158-2019.pdf,AEPD (Spain),Spain,,Centros comerciales Carrefour S.A.,Investigation,2026-05-23T01:15:05.101039,gdprhub.eu,AI Forensics,Italia,2,"['Cyberattack || Stati e Luoghi', 'Thus || Stati e Luoghi', 'Carrefour || Aziende e Org Private', 'Spain] Centros || Stati e Luoghi', 'Carrefour S.A || Aziende e Org Private', 'Carrefour S.A. – Aepd || Aziende e Org Private', 'Spain || Stati e Luoghi', 'Holding=== Th Aepd Found There Was No || Stati e Luoghi', 'Centros || Aziende e Org Private', 'GDPR || Leggi e Regolamentazioni || EU', 'ICO || Istituzioni || Regno Unito', 'AEPD || Istituzioni || Spagna']",NEUTRALE,"['aepd', 'having', 'investigation', 'the', 'spain']",Non classificato,0.0,-1,True
f3b41321988548d4c28e68c031ea7b548a1311547223e0574ccac50467de6a7d,cf58761fa5c1a7d69c63c90d3cc21c9e2d8b00bcb16f19b5a4659b31ad91e5a8,[United Kingdom] Wales Interpretation and Translation Service – ICO (UK),"[United Kingdom] Wales Interpretation and Translation Service – ICO (UK). Articoli: Article 4(1) GDPR. Tipo: Complaint. Sommario: The ICO issued a decision on the necessity of a disclosure of information hold by a public entity to satisfy the legitimate public interests of accountability and transparency. ==English Summary== ===Facts=== The complainant requested copies of minutes of the Wales Interpretation and Translation Service´ meetings. The Cardiff Council provided him with redacted copies. In particular, the names of the attendees were omitted. In substantiating its response, the Cardiff Council cited section 4",07.11.2019,GDPR Fines - enforcementtracker/gdprhub,https://ico.org.uk/media/action-weve-taken/decision-notices/2019/2616299/fs50777458-1.pdf,ICO (UK),United Kingdom,,Wales Interpretation and Translation Service,Complaint,2026-05-23T01:15:05.827340,gdprhub.eu,Amnesty Italia,Italia,2,"['United Kingdom] Wales Interpretation And Translation Service || Aziende e Org Private', 'Him With Redacted Copies || Aziende e Org Private', 'Article || Aziende e Org Private', 'The Cardiff Council || Aziende e Org Private', 'GDPR || Leggi e Regolamentazioni || EU', 'ICO || Istituzioni || Regno Unito']",NEUTRALE,"['the', 'ico', 'council', 'service', 'of']",Non classificato,0.0,-1,True
f3936bea52602956fdc4c36c1c06e6c33911191820e38ff45a45800ee1a67706,8c1f85022ef36d22db72326f09acbe8a34b3f691146c2e73dec45839e6a06ac4,[Iceland] Anonymous – Persónuvernd (Iceland),"[Iceland] Anonymous – Persónuvernd (Iceland). Articoli: Article 5(1) GDPR. Tipo: Complaint. Sommario: The Persónuvernd issued a decision on the disclosure of personal data to third party in the context of a recruitment process in line with Article 5(1) GDPR principles. ==English Summary== ===Facts=== The complainant applied for a job in a public agency. He asked the government agency to disclose the others applicant's documents. Following the access request, the government agency notified the others applicants. The notification included information concerning the complainant’s request, inc",12.11.2019,GDPR Fines - enforcementtracker/gdprhub,https://www.personuvernd.is/urlausnir/midlun-opinberrar-stofnunar-a-personuupplysingum-i-tengslum-vid-radningu,Persónuvernd (Iceland),Iceland,,Anonymous,Complaint,2026-05-23T01:15:06.648630,gdprhub.eu,Amnesty Italia,Italia,2,"['Iceland || Stati e Luoghi', 'Anonymous – Persónuvernd || Stati e Luoghi', 'GDPR || Leggi e Regolamentazioni || EU', 'ICO || Istituzioni || Regno Unito']",NEUTRALE,"['the', 'agency', 'iceland', 'persónuvernd', 'request']",Non classificato,0.0,-1,True
682203580df10912ee90e64fbaf128cf7fd0d48365ee7c707c7a35a58401f1a0,24ea14829f49118260da1ca98b6f1d49a4e8b1f5adbcd0f43623b581b6cf1a10,[Denmark] Christian Trade Union – Datatilsynet (Denmark),"[Denmark] Christian Trade Union – Datatilsynet (Denmark). Articoli: Article 32 GDPR. Tipo: Investigation. Sommario: The Datatilsynet issued a decision on Articles 32 and 33 GDPR due to unencrypted e-mails sent by the controller. ==English Summary== ===Facts and questions arising=== After carrying out investigations at its own initiative, the Datatilsynet found that the Union was using the social security number of an individual as password for accessing e-mails stored on the Union’s database. The DPA also found that the Union was sending unencrypted messages, creating a high risk for a data breach, wit",05.11.2019,GDPR Fines - enforcementtracker/gdprhub,https://www.datatilsynet.dk/tilsyn-og-afgoerelser/afgoerelser/2019/nov/tilsyn-med-behandlingssikkerhed-hos-fagforening/,Datatilsynet (Denmark),Denmark,,Christian Trade Union,Investigation,2026-05-23T01:15:07.607806,gdprhub.eu,AI Forensics,Italia,2,"['Christian Trade Union – Datatilsynet || Aziende e Org Private', 'GDPR || Leggi e Regolamentazioni || EU', 'ICO || Istituzioni || Regno Unito']",NEUTRALE,"['datatilsynet', 'the', 'denmark', '32', 'found']",Non classificato,0.0,-1,True
bed46fc0de412b90c474d5e657439c6e7ca81043899ebe44e4d5eabea86f6a51,5f6abdf22fb6d87b1051120575dccd7136b603842d52d413084b780bd55491b8,[Denmark] Unknown law firms – Datatilsynet (Denmark),"[Denmark] Unknown law firms – Datatilsynet (Denmark). Articoli: Article 32 GDPR. Tipo: Investigation. Sommario: The Datatilsynet carried out investigation in a group of law firms and found that they had implemented sufficient safeguards in order to comply with Article 32 GDPR. ==English Summary== ===Facts and questions arising=== After carrying out investigations at its own initiative, the Datatilsynet found that the law firm was transmitting confidential and sensitive personal data via e-mail using end-to-end encryption and had carried out a prior risk assessment. ===Holding=== The Datatilsynet",05.11.2019,GDPR Fines - enforcementtracker/gdprhub,https://www.datatilsynet.dk/tilsyn-og-afgoerelser/afgoerelser/2019/nov/tilsyn-med-behandlingssikkerhed-hos-advokatfirma/,Datatilsynet (Denmark),Denmark,,Unknown law firms,Investigation,2026-05-23T01:15:09.028756,gdprhub.eu,AI Forensics,Italia,2,"['Was Transmitting || Personaggi Pubblici', 'Holding=== The Datatilsynet || Stati e Luoghi', 'Group Of Law Firms And Found That They Had || Aziende e Org Private', 'GDPR || Leggi e Regolamentazioni || EU', 'ICO || Istituzioni || Regno Unito']",NEUTRALE,"['datatilsynet', 'law', 'out', 'carried', 'denmark']",Non classificato,0.0,5,True
bed46fc0de412b90c474d5e657439c6e7ca81043899ebe44e4d5eabea86f6a51,76e096f01ce67bd6e8ea20b10e4c002812c63e305bb562f09247de10fdd3ba2e,[Denmark] Unknown law firms – Datatilsynet (Denmark),"[Denmark] Unknown law firms – Datatilsynet (Denmark). Articoli: Article 5(2) GDPR. Tipo: Investigation. Sommario: The Datatilsynet found that the investigated group of law firms violated Articles 5(2) and 32 GDPR. ==English Summary== ===Facts and questions arising=== After carrying out investigations at its own initiative, the Datatilsynet found that the investigated group of law firms had been transmitting confidential and sensitive personal data to clients via the Internet without using encryption mechanisms. Also, the group had not carried out a risk assessment. ===Holding=== Therefore the Datatil",05.11.2019,GDPR Fines - enforcementtracker/gdprhub,https://www.datatilsynet.dk/tilsyn-og-afgoerelser/afgoerelser/2019/nov/tilsyn-med-behandlingssikkerhed-hos-kontorfaellesskab-af-advokatfirmaer/,Datatilsynet (Denmark),Denmark,,Unknown law firms,Investigation,2026-05-23T01:15:10.649273,gdprhub.eu,AI Forensics,Italia,2,"['Holding=== Therefore The Datatil || Stati e Luoghi', 'Article || Aziende e Org Private', 'GDPR || Leggi e Regolamentazioni || EU', 'ICO || Istituzioni || Regno Unito']",NEUTRALE,"['group', 'law', 'datatilsynet', 'the', 'denmark']",Non classificato,0.0,5,False
6782db263725bdf9c020d6a76b94b0ddc56b013f050d8474aa058715649935d5,8bc8af799b58308883a2e34bc59057ea8470a65f74d47bef1410df9174f0ff56,[Romania] Vodaphone Romania S.A – ANSPDCP (Romania),"[Romania] Vodaphone Romania S.A – ANSPDCP (Romania). Articoli: . Tipo: Investigation. Sommario: The ANSPDCP fined € 2.000 Vodafone România S.A. for violations of Article 13(1) Law no. 506/2004, read in conjunction with Article 13(5) of the same Law no. 506/2004 implementing the ePrivacy Directive. ==ANSPDCP English press release== The controller Vodafone România S.A. was sanctioned with a fine in the amount of 10,000 lei. The sanction was applied because the controller did not consider the option of a petitioner to no longer receive messages with promotions, contests and any other m",15.10.2019,GDPR Fines - enforcementtracker/gdprhub,https://www.dataprotection.ro/index.jsp?page=O_noua_amenda_in_baza_Legii_506_/_2004_Vodafone&lang=en,ANSPDCP (Romania),Romania,2000.0,Vodaphone Romania S.A,Investigation,2026-05-23T01:15:11.666454,gdprhub.eu,AI Forensics,Italia,2,"['Romania || Stati e Luoghi', 'Vodafone România S.A. || Aziende e Org Private', 'Vodafone România S.A. For Violations Of Article || Aziende e Org Private', 'Vodaphone Romania || Aziende e Org Private', 'ICO || Istituzioni || Regno Unito']",NEUTRALE,"['romania', 'anspdcp', 'no', 'the', 'vodafone']",Non classificato,0.0,-1,True
19e2ca93757168150beedef2b51fb1007f9477839e6aca3716bf1db21176e17e,b54b9d4bb4f3d0e719d6ee4c6c82cf1d31147ec2025f52b6644e14f2270ae00e,[Spain] General Labour Union (GCT) – AEPD (Spain),"[Spain] General Labour Union (GCT) – AEPD (Spain). Articoli: Article 5(1)(f) GDPR. Tipo: Investigation. Sommario: The AEPD imposed a fine of € 3,000 against the General Labour Union (GCT) for the violation of Article 5(1)(f) GDPR. ==English Summary== ===Facts=== The GCT’s 400 members received an email that includes personal data about a citizen (personal information about her private relationship, her home address, her pregnancy status). The email was originally sent to organise an assembly regarding the data subject. The data subject filled a complaint with the AEPD. ===Dispute=== Could disclosu",13.11.2019,GDPR Fines - enforcementtracker/gdprhub,https://www.aepd.es/es/documento/ps-00174-2019.pdf,AEPD (Spain),Spain,,General Labour Union (GCT),Investigation,2026-05-23T01:15:13.044282,gdprhub.eu,Amnesty Italia,Italia,2,"['Spain || Stati e Luoghi', 'GDPR || Leggi e Regolamentazioni || EU', 'ICO || Istituzioni || Regno Unito', 'AEPD || Istituzioni || Spagna']",NEUTRALE,"['her', 'the', 'email', 'aepd', 'about']",Non classificato,0.0,-1,True
75e74906453ed835ea236d30063b97623aac6cf9084a716fbd59a015899e6941,84a458bdf4cf92bf8c27aa5e1888f5e7e09174d1920df3a7dbeee8b6ddd355bf,[Spain] Todotecnicos24h S.L – AEPD (Spain),[Spain] Todotecnicos24h S.L – AEPD (Spain). Articoli: Article 13 GDPR. Tipo: Complaint. Sommario: The AEPD imposed a fine of € 900 to Todotecnicos24h S.L for violation of Article 13 GDPR. ==English Summary== ===Facts=== The Consumer Institute of Madrid brought a complaint before the AEPD because Todotecnicos24h S.L's privacy policy was not specific enough and did not comply with Article 13 GDPR. ===Dispute=== Does the lack of precision enough to infrige Article 13 GDPR? ===Holding=== The AEPD found that the information related to data collection in the privacy policy were insufficie,06.11.2019,GDPR Fines - enforcementtracker/gdprhub,https://www.aepd.es/es/documento/ps-00268-2019.pdf,AEPD (Spain),Spain,900.0,Todotecnicos24h S.L,Complaint,2026-05-23T01:15:13.964328,gdprhub.eu,Amnesty Italia,Italia,2,"['Spain || Stati e Luoghi', 'Holding=== The Aepd Found That The Information Related To Data Collection In The Privacy Policy Were Insufficie || Stati e Luoghi', 'GDPR || Leggi e Regolamentazioni || EU', 'ICO || Istituzioni || Regno Unito', 'AEPD || Istituzioni || Spagna']",NEUTRALE,"['13', 'aepd', 'the', 'policy', 'privacy']",Non classificato,0.0,2,False
1fb6ab630951be2046c6bcde8944ed054e7a542b9e8b4ab9cffcb6be0c56fe73,1836e8a5b7a2aefa721be84e85db7fe2b2756a02cc26a47cc8d378d7b81c9627,[Slovenia] anonymous – IP (Slovenia),[Slovenia] anonymous – IP (Slovenia). Articoli: Article 5(1)(c) GDPR. Tipo: Advisory Opinion. Sommario: The IP issued an advisory opinion on the principle of data minimisation and on the processing which is necessary for the performance of a contract in the banking sector. ==English Summary== ===Facts and questions arising=== The IP received a request for an advisory opinion on the question which personal data could a bank lawfully collect for the purpose of opening a deposit account. Such an account would constitute a contract between the bank and the data subject. ===Holding=== The D,05.11.2019,GDPR Fines - enforcementtracker/gdprhub,https://www.ip-rs.si/vop/?tx_jzgdprdecisions_pi1%5BshowUid%5D=1049,IP (Slovenia),Slovenia,,anonymous,Advisory Opinion,2026-05-23T01:15:15.383909,gdprhub.eu,Access Now,Italia,2,"['Slovenia || Stati e Luoghi', 'Article || Personaggi Pubblici', 'Holding=== The D || Stati e Luoghi', 'GDPR || Leggi e Regolamentazioni || EU', 'ICO || Istituzioni || Regno Unito']",NEUTRALE,"['opinion', 'ip', 'advisory', 'the', 'slovenia']",Non classificato,0.0,-1,True
9fb40b9b68e66312ee1a8d01c75c0a938779f56fc423b909c6858da1538844f4,744d49d14cd120016a5908a8db98c1cb30093cd518c9ddc26fb3f5f1795b84e1,[Spain] GROUP BC S.L. – AEPD (Spain),"[Spain] GROUP BC S.L. – AEPD (Spain). Articoli: Article 6(1)(a) GDPR. Tipo: Complaint. Sommario: The AEPD confirmed that a webpage's privacy policy lack of precision violated the GDPR. ==English Summary== ===Facts=== A citizen submitted a complaint before the AEPD stating that privacy policy of www.banderacatalana.cat did not comply with the GDPR. GRUP BC S.L. was the controller of the page. Especially, the complainant stated that the privacy policy did not include precise information regarding the specific purposes of the processing of personal data, the consent and the child’s c",,GDPR Fines - enforcementtracker/gdprhub,https://www.aepd.es/es/documento/ps-00006-2019.pdf,AEPD (Spain),Spain,,GROUP BC S.L.,Complaint,2026-05-23T01:15:16.245323,gdprhub.eu,Amnesty Italia,Italia,2,"['Spain || Stati e Luoghi', 'The Complainant || Personaggi Pubblici', 'Article || Personaggi Pubblici', 'GDPR || Leggi e Regolamentazioni || EU', 'ICO || Istituzioni || Regno Unito', 'AEPD || Istituzioni || Spagna']",NEUTRALE,"['the', 'policy', 'privacy', 'aepd', 'of']",Non classificato,0.0,4,False
e0e32e709ac2efdcb24a13dd81ac212f02f706b0467a2b6e9146b17c21823a0f,293742e4313900b41b91be7ffbbb0da684eb86e134a61e1eeb0e8ff7545bba7e,[Estonia] Luminor Pank AS – AKI (Estonia),"[Estonia] Luminor Pank AS – AKI (Estonia). Articoli: Article 12(1) GDPR. Tipo: Complaint. Sommario: The AKI re-examined complaint about financial service provider’s incomplete response to data subject’s access request after appeal. ==English Summary== ===Facts=== The appellant complained that the company, in response to his access request, provided an incomplete dataset in English. ===Dispute=== Could Article 15 GDPR be exercised although the personal are expected to be already possessed by the data subject? ===Holding=== The DPA found that much of the data that the complainant foun",13.11.2019,GDPR Fines - enforcementtracker/gdprhub,https://www.aki.ee/sites/default/files/vaideotsused/2019/vaideotsus_13.11.2019_isiku_andmete_kaitse_asjas_nr_2.1.-3-19-3971_eraisik__0.pdf,AKI (Estonia),Estonia,,Luminor Pank AS,Complaint,2026-05-23T01:15:17.068420,gdprhub.eu,AI Forensics,Italia,2,"['Estonia || Stati e Luoghi', 'Luminor Pank As || Stati e Luoghi', 'Article || Personaggi Pubblici', 'GDPR || Leggi e Regolamentazioni || EU', 'AMI || Tecnologie || IA', 'ICO || Istituzioni || Regno Unito']",NEUTRALE,"['the', 'be', 'request', 'access', 'subject']",Non classificato,0.0,-1,True
1d38c2f7d38d3b9a34c8d65524b10b0fb1646f7ee8adb542fab01dafc7a1318c,0dbc1eb4e39d22e7df5540f245c3d31ea97f8783dcef7b9760d9dae767bc9d2d,[Romania] BNP Paribas Personal Finance SA Paris – ANSPDCP (Romania),"[Romania] BNP Paribas Personal Finance SA Paris – ANSPDCP (Romania). Articoli: Article 12(3) GDPR. Tipo: Investigation. Sommario: The ANSDPC in Romania fined BNP Paribas because it did not respond to the applicant’s access request within the one-month period required under Article 12(3) GDPR. ==ANSDPCP English press release== The controller BNP Paribas Personal Finance SA was sanctioned with a fine in the amount of 9508 lei, the equivalent of 2000 Euros. The investigation was initiated as a result of some complaints alleging that the controller did not respond to the applicant within the time limit provided by Artic",22.11.2019,GDPR Fines - enforcementtracker/gdprhub,https://www.dataprotection.ro/index.jsp?page=Amenda_pentru_incalcarea_RGPD&lang=en,ANSPDCP (Romania),Romania,2000.0,BNP Paribas Personal Finance SA Paris,Investigation,2026-05-23T01:15:17.891070,gdprhub.eu,Amnesty Italia,Italia,2,"['Bnp Paribas Because It Did Not Respond To The Applicant’S Access Request Within The One-Month Period Required Under Article 12(3 || Aziende e Org Private', 'Article || Personaggi Pubblici', 'Romania || Stati e Luoghi', 'Bnp Paribas Personal Finance Sa || Aziende e Org Private', 'Bnp Paribas Personal Finance Sa Paris – Anspdcp || Aziende e Org Private', 'GDPR || Leggi e Regolamentazioni || EU', 'ICO || Istituzioni || Regno Unito']",NEUTRALE,"['romania', 'the', 'applicant', 'within', '12']",Non classificato,0.0,-1,True
c1d5a5499c9765471635dfbc4c76f362c32b409ea6185ccdfcf80dcc8bdd8b48,47598fb12b4880b622f17decdfa30f9bc434e7523415b3a5cc7dff8c231f428f,[Denmark] The Jurists and Economists' Pension Fund (JØP) – Datatilsynet (Denmark),"[Denmark] The Jurists and Economists' Pension Fund (JØP) – Datatilsynet (Denmark). Articoli: Article 15 GDPR. Tipo: Complaint. Sommario: The Datatilsynet found that a pension company restricted data subject’s right of access under Article 15 GDPR. ==English Summary== ===Facts=== A citizen complained that his pension company refused to give him access to his medical consultant’s assessment. Thus, the complainant filed a complaint with the Datatilsynet. Before the Datatilsynet, the pension company claimed that such documents are considered internal and they are not shared with the clients, according to its privacy policy.",18.11.2019,GDPR Fines - enforcementtracker/gdprhub,https://www.datatilsynet.dk/tilsyn-og-afgoerelser/afgoerelser/2019/nov/indsigt-i-laegekonsulentvurderinger/,Datatilsynet (Denmark),Denmark,,The Jurists and Economists' Pension Fund (JØP),Complaint,2026-05-23T01:15:18.840510,gdprhub.eu,Amnesty Italia,Italia,2,"['GDPR || Leggi e Regolamentazioni || EU', 'ICO || Istituzioni || Regno Unito']",NEUTRALE,"['datatilsynet', 'are', 'the', 'company', 'denmark']",Non classificato,0.0,-1,True
5782ef8ebc9e505e962a7c31885aad5913e3291e20a9fb3f2aa4ef94f03e2622,a25bb8d3dde058ec9936febab8cf8cf40eed2a5ef57f6e1bc0d6c9d886a92c94,[Estonia] anonymous – AKI (Estonia),"[Estonia] anonymous – AKI (Estonia). Articoli: Article 15 GDPR. Tipo: Complaint. Sommario: '''13 November: The DPA re-examined complaint about financial service provider’s incomplete response to data subject’s access request after appeal''' The DPA examined appeal against its decision, with which it had closed a case against the financial service provider Luminor Pank AS. The appellant complained that the company, in response to his access request, provided an incomplete dataset in English. The DPA found that much of the data that the complainant found as missing is data that th",13.11.2019,GDPR Fines - enforcementtracker/gdprhub,https://www.aki.ee/sites/default/files/vaideotsused/2019/vaideotsus_13.11.2019_isiku_andmete_kaitse_asjas_nr_2.1.-3-19-3971_eraisik__0.pdf,AKI (Estonia),Estonia,,anonymous,Complaint,2026-05-23T01:15:19.698379,gdprhub.eu,AI Forensics,Italia,2,"['Estonia || Stati e Luoghi', 'GDPR || Leggi e Regolamentazioni || EU', 'AMI || Tecnologie || IA', 'ICO || Istituzioni || Regno Unito']",NEUTRALE,"['the', 'dpa', 'service', 'examined', 'that']",Non classificato,0.0,-1,True
2a301c5049cc07003570c05aa989dec4122e15e18ce03160dcdef7cce2f3e2f6,dc5dc9705a2fef919c221ca92eac14146f7314537314d3489e9e212396475d79,[Romania] Fan Courrier Express SRL – ANSPDCP (Romania),"[Romania] Fan Courrier Express SRL – ANSPDCP (Romania). Articoli: Article 5(1)(f) GDPR. Tipo: Investigation. Sommario: The ANSPDCP fined € 11.000 Fan Courrier Express SRL for violations of f Article 32 paragraphs (1) and (2) GDPR. ==ANSPDCP English press release== The controller Fan Courrier Express SRL was sanctioned with a fine in the amount of 52,325.9 lei, the equivalent of 11000 Euros. The sanction was applied to the controller because it did not implement adequate technical and organizational measures in order to ensure a level of security corresponding to the risk of processing generated accidental",28.11.2019,GDPR Fines - enforcementtracker/gdprhub,https://www.dataprotection.ro/index.jsp?page=O_noua_amenda_in_baza_RGPD&lang=en,ANSPDCP (Romania),Romania,11000.0,Fan Courrier Express SRL,Investigation,2026-05-23T01:15:20.490897,gdprhub.eu,Access Now,Italia,2,"['Romania || Stati e Luoghi', 'Was Sanctioned With || Personaggi Pubblici', 'GDPR || Leggi e Regolamentazioni || EU', 'ICO || Istituzioni || Regno Unito']",NEUTRALE,"['anspdcp', 'romania', 'the', 'of', 'controller']",Non classificato,0.0,-1,True
bfa67310289043bf7d3a8297f887db5700896f0e9b580bbc6e4d57b5c2e08c76,9858a8bdf8d6903283000f8d9cc3481be1c833ab16ca3b9b0b9567d7590f067a,[France] Futura International – CNIL (France),"[France] Futura International – CNIL (France). Articoli: Article 5(1)(c) GDPR. Tipo: Complaint. Sommario: The French DPA (CNIL) imposed a fine of €500,000 for marketing solicitations which violate the GDPR. ==English Summary== ===Facts=== The CNIL received a complaint on the ground that he was very regularly cold called by a company whose activity consists of direct marketing solicitations via phone (the controller). Although the complainant had previously informed the controller they did not want to be called and had already exercised their right to object via e-mail, the controller continous",26.11.2019,GDPR Fines - enforcementtracker/gdprhub,https://www.legifrance.gouv.fr/affichCnil.do?oldAction=rechExpCnil&id=CNILTEXT000039419459&fastReqId=461698027&fastPos=1,CNIL (France),France,500000.0,Futura International,Complaint,2026-05-23T01:15:21.271199,gdprhub.eu,Amnesty Italia,Italia,2,"['France || Stati e Luoghi', 'Article || Personaggi Pubblici', 'Cnil || Aziende e Org Private', 'GDPR || Leggi e Regolamentazioni || EU', 'ICO || Istituzioni || Regno Unito']",NEUTRALE,"['cnil', 'the', 'france', 'marketing', 'via']",Non classificato,0.0,-1,True
1771c74357e2b8e68eda3e3342787db8568591578ebdb3a19a5ebb4f4a3e322e,20bc5d27e44ceedee50e5408599c9589c396c8a7e94224de26de148ae33bade9,[Denmark] VisitDenmark – Datatilsynet (Denmark),"[Denmark] VisitDenmark – Datatilsynet (Denmark). Articoli: Article 6(1)(c) GDPR. Tipo: Investigation. Sommario: The Datatilsynet found that VisitDenmark was processing lawfully the cottage's owner personal data but warned the public authority regarding the obligations required under 14(2) GDPR. ==English Summary== ===Facts and questions arising=== VisitDenmark is a public authority which, in the performance of its tasks, was sending letters to inform cottage owners about new tax rules and more favorable conditions for holiday rental. The Datatilsynet investigated to know if VisitDenmark process",21.11.2019,GDPR Fines - enforcementtracker/gdprhub,https://www.datatilsynet.dk/tilsyn-og-afgoerelser/afgoerelser/2019/nov/breve-i-e-boks-fra-visitdenmark/,Datatilsynet (Denmark),Denmark,,VisitDenmark,Investigation,2026-05-23T01:15:22.075086,gdprhub.eu,Access Now,Italia,2,"['GDPR || Leggi e Regolamentazioni || EU', 'ICO || Istituzioni || Regno Unito']",NEUTRALE,"['datatilsynet', 'authority', 'denmark', 'the', 'public']",Non classificato,0.0,-1,True
b84b93bb79dd1ee755cfd4bf78e6e6247672142d78ef74766c6a4f4ce971a064,1d0a419214397346ad0511455981eb6d35485762aa37b06e73d268f785eaec93,[Denmark] Burda Nordics magazines – Datatilsynet (Denmark),"[Denmark] Burda Nordics magazines – Datatilsynet (Denmark). Articoli: Article 5(1)(b) GDPR. Tipo: Investigation. Sommario: The Datatilsynet issued a decision on the importance of the valid consent, the purpose limitation principle and the information to be provided to the data subject. ==English Summary== ===Facts and questions arising=== The DPA carried out an investigation against Burda Nordics magazines –the controller– after having found that the controller was recording an important amount of telephone conversations through its sales and marketing activity. ===Holding=== The DPA found that in the con",21.11.2019,GDPR Fines - enforcementtracker/gdprhub,https://www.datatilsynet.dk/tilsyn-og-afgoerelser/afgoerelser/2019/nov/burda-nordics-optagelse-af-telefonsamtaler,Datatilsynet (Denmark),Denmark,,Burda Nordics magazines,Investigation,2026-05-23T01:15:22.948221,gdprhub.eu,AI Forensics,Italia,2,"['Article || Personaggi Pubblici', 'Burda Nordics || Aziende e Org Private', 'GDPR || Leggi e Regolamentazioni || EU', 'ICO || Istituzioni || Regno Unito']",NEUTRALE,"['the', 'denmark', 'datatilsynet', 'dpa', 'controller']",Non classificato,0.0,-1,True
f0e0ef95d184029eb9d7480578566b5e5fbf7a1641ec628da235f0396a4ed34d,2eb5346c5485f0a4f2026a3aa7fac2c5220d1676a74216a1d5ffac705d6e2442,[France] French Ministry of Internal Affairs – CNIL (France),"[France] French Ministry of Internal Affairs – CNIL (France). Articoli: Article 24(1) GDPR. Tipo: Investigation. Sommario: The Ministry of Internal Affairs has been ordered to ensure a sufficient level of security regarding the personal data collected by automatic speed camera. ==English Summary== ===Facts and questions arising=== A speed camera calculates the average speed of a vehicle with checkpoints placed on the road equipped with an automatic vehicle licence plate recognition system (""LAPI""), which records car plates and the exact time cars passage. If the maximum speed limit is exceeded, the LAPI autom",04.12.2019,GDPR Fines - enforcementtracker/gdprhub,https://www.legifrance.gouv.fr/affichCnil.do?oldAction=rechExpCnil&id=CNILTEXT000039445820&fastReqId=190592425&fastPos=2,CNIL (France),France,,French Ministry of Internal Affairs,Investigation,2026-05-23T01:15:23.783749,gdprhub.eu,AI Forensics,Italia,2,"['France || Stati e Luoghi', 'French Ministry Of Internal Affairs – Cnil || Aziende e Org Private', 'Lapi || Aziende e Org Private', 'Which Records Car Plates And The Exact Time Cars Passage || Aziende e Org Private', 'GDPR || Leggi e Regolamentazioni || EU', 'ICO || Istituzioni || Regno Unito', 'CNIL || Istituzioni || Francia']",NEUTRALE,"['ministry', 'france', 'the', 'of', 'cnil']",Non classificato,0.0,-1,True
fbd73e22e8cffb5ced677565b42c539572bb761040ad8acf739bbd13ee17ca34,32ea872bd893e961d0df5985501654fd8748083180b4c4eed730ef8bf96fbf9b,[Belgium] Anonymous – APD/GBA (Belgium),[Belgium] Anonymous – APD/GBA (Belgium). Articoli: Article 5(1)(b) GDPR. Tipo: Complaint. Sommario: A mayor used citizen's data to send letters for his re-election campaign. The Belgian DPA (APD/GBA) issued a warning and a fine of € 5000 for violation of the principle of purpose limitation. ==English Summary== ===Facts=== The complainant was running a political campaign for a city election in October 2018. He submitted a complaint before the DPA because he argued that his political opponent (the mayor) used public data for the purpose of his political campaign. This database included the,25.11.2019,GDPR Fines - enforcementtracker/gdprhub,https://autoriteprotectiondonnees.be/publications/decision-quant-au-fond-n-10-2019.pdf,APD/GBA (Belgium),Belgium,,Anonymous,Complaint,2026-05-23T01:15:24.527236,gdprhub.eu,Amnesty Italia,Italia,2,"['Article || Personaggi Pubblici', 'Belgium || Stati e Luoghi', 'GDPR || Leggi e Regolamentazioni || EU', 'ICO || Istituzioni || Regno Unito']",NEUTRALE,"['political', 'his', 'gba', 'apd', 'belgium']",Non classificato,0.0,-1,True
fbd73e22e8cffb5ced677565b42c539572bb761040ad8acf739bbd13ee17ca34,1e0609a7e846f332e5653c77bb21be60ea6c4a6b1b7caac4dfdc23da9d490b27,[Belgium] Anonymous – APD/GBA (Belgium),[Belgium] Anonymous – APD/GBA (Belgium). Articoli: Article 5(1)(b) GDPR. Tipo: Complaint. Sommario: The Belgian DPA (APD/GBA) imposed a fine of EUR 5000 for violation of the principle of purpose limitation. ==English Summary== ===Facts=== The complainant received a letter from his veterinarian including his personal data (the address) to promote the veterinarian's political campaign for the local election in 2018. The complainant submitted a complaint before the DPA arguing that his personal data was processed by the veterinarian unlawfully. He argued that his personal data was processe,25.11.2019,GDPR Fines - enforcementtracker/gdprhub,https://www.autoriteprotectiondonnees.be/publications/decision-quant-au-fond-n-11-2019.pdf,APD/GBA (Belgium),Belgium,5000.0,Anonymous,Complaint,2026-05-23T01:15:25.266565,gdprhub.eu,Amnesty Italia,Italia,2,"['Article || Personaggi Pubblici', 'Belgium || Stati e Luoghi', 'Facts=== || Stati e Luoghi', 'GDPR || Leggi e Regolamentazioni || EU', 'ICO || Istituzioni || Regno Unito']",NEUTRALE,"['his', 'the', 'gba', 'apd', 'belgium']",Non classificato,0.0,-1,True
f06318dfd3e0d8c357af9a8e212427d2914cd6f157e7a1a93d1eb37ea506e889,c2ef8d0d51f23d932092abf47d2a31cddc9e88aab9417aeffa7b8163b5ff303f,[Poland] Mayor of Aleksandrów Kujawski – UODO (Poland),"[Poland] Mayor of Aleksandrów Kujawski – UODO (Poland). Articoli: Article 5(1)(a) GDPR. Tipo: Investigation. Sommario: The UODO imposed the first fine on a public entity for unlawful processing of personal data in the Public Information Bulletin (BIP). ==English Summary== ===Facts and questions arising=== From 28 January - 1 February 2019, the UODO conducted investigation regarding the compliance of processing operations with the GDPR at the Municipal Office of the Mayor of Aleksandrów Kujawski. ===Holding=== The UODO found that the local government did not comply with the GDPR because of three main infr",18.10.2019,GDPR Fines - enforcementtracker/gdprhub,https://uodo.gov.pl/decyzje/ZSPU.421.3.2019,UODO (Poland),Poland,40000.0,Mayor of Aleksandrów Kujawski,Investigation,2026-05-23T01:15:26.113842,gdprhub.eu,Amnesty Italia,Italia,2,"['Article || Personaggi Pubblici', 'Holding=== The Uodo Found That The Local Government Did Not Comply With The Gdpr Because Of Three Main Infr || Leggi e Regolamentazioni', 'Poland || Stati e Luoghi', 'Uodo || Aziende e Org Private', 'GDPR || Leggi e Regolamentazioni || EU', 'ICO || Istituzioni || Regno Unito']",NEUTRALE,"['uodo', 'the', 'poland', 'of', 'public']",Non classificato,0.0,-1,True
ebc389c4c01b45d6fba3ba92463d5ab103058513b8c46bd4c451384ae8321662,891d5cd1f820ad780bda5b5dcfce374c8435252a317d93b7eb349e4818697ba6,[France] Google LLC – CNIL (France),"[France] Google LLC – CNIL (France). Articoli: Article 4(11) GDPR. Tipo: Complaint. Sommario: The CNIL imposed a record fine of €50 million on Google for several violations of GDPR including processing personal data without a lawful basis, violating the free consent principle and the transparent information principle. ==English Summary== ===Facts=== The NGO ''noyb'' filed a complaint with the CNIL related to the following practice: Google is conditioning the use of a phone running Android to the acceptance of Google’s terms and conditions and privacy policy, making the device unus",22.01.2019,GDPR Fines - enforcementtracker/gdprhub,https://www.legifrance.gouv.fr/affichCnil.do?id=CNILTEXT000038032552,CNIL (France),France,50000000.0,Google LLC,Complaint,2026-05-23T01:15:27.080956,gdprhub.eu,Amnesty Italia,Italia,2,"['France || Stati e Luoghi', 'Article || Personaggi Pubblici', 'GDPR || Leggi e Regolamentazioni || EU', 'ICO || Istituzioni || Regno Unito', 'CNIL || Istituzioni || Francia']",NEUTRALE,"['google', 'cnil', 'the', 'france', 'principle']",Non classificato,0.0,-1,True
82cea582f92365ded3539d24bfd0f0deb6ecbbbc8035d59160c8c80ac8e7aab4,84494935d288276419717215f5e9a3384ca37e2b77fdef6e19c87352a27f633b,[Denmark] Pandora – Datatilsynet (Denmark),[Denmark] Pandora – Datatilsynet (Denmark). Articoli: Article 5(1)(c) GDPR. Tipo: Complaint. Sommario: Pandora's systemic practice to ask for identification before considering a data subject’s request is contrary to the principle of data minimisation. ==English Summary== ===Facts=== Citizen submitted a request for erasure of his personal data to the jewellery company Pandora SA according to Article 17 GDPR. The company asked him to submit his passport or driving license before considering examining his request. ===Dispute=== On which condition can the controller ask for an ID proof in,25.10.2019,GDPR Fines - enforcementtracker/gdprhub,https://www.datatilsynet.dk/tilsyn-og-afgoerelser/afgoerelser/2019/okt/id-validering-ifm-anmodninger-om-udoevelse-af-registreredes-rettigheder/,Datatilsynet (Denmark),Denmark,,Pandora,Complaint,2026-05-23T01:15:27.932058,gdprhub.eu,Amnesty Italia,Italia,2,"['Data Minimisation || Personaggi Pubblici', 'Examining His Request || Personaggi Pubblici', 'Article || Personaggi Pubblici', 'GDPR || Leggi e Regolamentazioni || EU', 'AMI || Tecnologie || IA', 'DORA || Leggi e Regolamentazioni || EU', 'ICO || Istituzioni || Regno Unito']",NEUTRALE,"['request', 'his', 'denmark', 'before', 'to']",Non classificato,0.0,-1,True
900103f0856670f9e9499c58f56731b1c1a110535e8c0ff2a549462a5fa94e6f,0ba2cff3e5abf683c2d4c61edf2ea08a25d22e8d30128bb346383bf849d6a9d8,[Germany] Universitätsmedizin der Johannes-Gutenberg-Universität Mainz – LFDI (Rhineland-Palatinate),"[Germany] Universitätsmedizin der Johannes-Gutenberg-Universität Mainz – LFDI (Rhineland-Palatinate). Articoli: Article 5 GDPR. Tipo: Complaint. Sommario: The Rhineland-Palatinate DPA (LfDI) fined a local hospital € 105.000 due to its deficient organisational and structural personal data processing system. ==English Summary== The LfDI announced that a hospital had mix-ups during patient admission, which lead to incorrect invoicing practices. An investigation revealed structural technical and organisational deficits in the management of patients’ personal data and severe violations of the GDPR. The DPA recognised the efforts that the hospi",03.12.2019,GDPR Fines - enforcementtracker/gdprhub,https://gdprhub.eu/images/c/c4/LFDI_RLP_Bussgeldbescheid_8.03.66.pdf,LFDI (Rhineland-Palatinate),Germany,105000.0,Universitätsmedizin der Johannes-Gutenberg-Universität Mainz,Complaint,2026-05-23T01:15:28.732039,gdprhub.eu,Amnesty Italia,Italia,2,"['Rhineland-Palatinate || Stati e Luoghi', 'Lfdi || Aziende e Org Private', 'Germany || Stati e Luoghi', 'GDPR || Leggi e Regolamentazioni || EU', 'ICO || Istituzioni || Regno Unito']",NEUTRALE,"['the', 'dpa', 'patient', 'and', 'violations']",Non classificato,0.0,-1,True
fe91347b02e995243eab2b87b5c08b92a679fa5c62616eb77a0465ee0402ed98,79392f73409cb2c937cb28785c64f15e6153eb3673e22b3e2d9a9838aec3b134,[Finland] Finnkino – Tietosuojavaltuutetun toimisto (Finland),"[Finland] Finnkino – Tietosuojavaltuutetun toimisto (Finland). Articoli: Article 5(1)(c) GDPR. Tipo: Complaint. Sommario: The Tietosuojavaltuutetun toimisto ordered Finnkino to change its privacy policy and to change its practices to guarantee the right to object in accordance with the GDPR. ==English Summary== ===Facts=== The DPA received 40 complaints against the cinema company Finnkino regarding its direct marketing communications, the information about the collection of data and the data subject's rights. ===Dispute=== In addition to the issue regarding the lack of information about the collection of da",,GDPR Fines - enforcementtracker/gdprhub,https://tietosuoja.fi/artikkeli/-/asset_publisher/apulaistietosuojavaltuutettu-antoi-finnkinolle-huomautuksen-ja-maarayksen-muuttaa-henkilotietojen-kasittelyn-toimintatapoja,Tietosuojavaltuutetun toimisto (Finland),Finland,,Finnkino,Complaint,2026-05-23T01:15:29.536100,gdprhub.eu,Amnesty Italia,Italia,2,"['Finnkino || Stati e Luoghi', 'Article || Personaggi Pubblici', 'Finland || Istituzioni', 'GDPR || Leggi e Regolamentazioni || EU', 'ICO || Istituzioni || Regno Unito']",NEUTRALE,"['the', 'tietosuojavaltuutetun', 'toimisto', 'finland', 'its']",Non classificato,0.0,-1,True
0a210465b3dd6306a1afd32dc3d7096e3827bc5eeb770277aad579e7c5609d8f,b6bfc622e503ccfe4589da2bf23dc51acac4f08d0a3567f15c1d2e5928377125,[France] BOUTIQUE.AERO – CNIL (France),"[France] BOUTIQUE.AERO – CNIL (France). Articoli: Article 5(1)(c) GDPR. Tipo: Investigation. Sommario: The Commission Nationale de l'Informatique et des Libertés (CNIL) followed the measures implemented by BOUTIQUE.AERO to prevent the excessive video surveillance of its employees and found that the controller was compliant with the GDPR. The CNIL closed the case. ==English Summary== ===Facts and questions arising=== In July 2018, the southern-west DIRECCTE (regional office for undertakings, competition and consumers) warned the CNIL that cameras of the company BOUTIQUE.AERO – the data cont",10.12.2019,GDPR Fines - enforcementtracker/gdprhub,https://www.legifrance.gouv.fr/affichCnil.do?oldAction=rechExpCnil&id=CNILTEXT000039466203&fastReqId=105441404&fastPos=2,CNIL (France),France,,BOUTIQUE.AERO,Investigation,2026-05-23T01:15:31.161413,gdprhub.eu,Access Now,Italia,2,"['France || Stati e Luoghi', 'Article || Personaggi Pubblici', 'Cnil || Aziende e Org Private', 'GDPR || Leggi e Regolamentazioni || EU', 'ICO || Istituzioni || Regno Unito']",NEUTRALE,"['cnil', 'the', 'france', 'and', 'surveillance']",Non classificato,0.0,-1,True
3df369d6a651209173ffe7e7f732a95f2b4e833d7fd3ab869d5cad1a1fc66eee,51689c3e6343c805aecd75e6491aa2cf04d23748dc6b4d2ee1d949de9fcd25d3,[Netherlands] 157 companies investigated – AP (The Netherlands),"[Netherlands] 157 companies investigated – AP (The Netherlands). Articoli: Article 4(11) GDPR. Tipo: Investigation. Sommario: The AP found that almost 87 websites out of 175 investigated are not compliant with the consent requirements under Article 6(1)(a) GDPR when placing cookies. ==English Summary== ===Facts and questions arising=== Following its investigation of 175 websites, including municipalities and media, the AP found that almost half of them did not comply with the consent requirement for cookie placements under the ePrivacy Directive and Article 6(1)(a) GDPR. ===Holding=== In its decision, the AP",10.12.2019,GDPR Fines - enforcementtracker/gdprhub,https://autoriteitpersoonsgegevens.nl/nl/nieuws/ap-veel-websites-vragen-op-onjuiste-wijze-toestemming-voor-plaatsen-tracking-cookies,AP (The Netherlands),Netherlands,,157 companies investigated,Investigation,2026-05-23T01:15:31.938896,gdprhub.eu,Access Now,Italia,2,"['The Netherlands || Aziende e Org Private', 'Article || Personaggi Pubblici', 'The Ap || Aziende e Org Private', 'GDPR || Leggi e Regolamentazioni || EU', 'ICO || Istituzioni || Regno Unito']",NEUTRALE,"['ap', 'the', 'consent', 'under', 'its']",Non classificato,0.0,-1,True
63a2f6aba82aa615f76f1505bc19d24a7590f91f6ba3cbae6f44bd50d8b554a4,5d6f01a3f8332cb62ce98fc011f6a7c7771dbe7a3a779c0006f4d7d66d993366,[Iceland] Anonymous – Persónuvernd (Iceland),"[Iceland] Anonymous – Persónuvernd (Iceland). Articoli: Article 5(1)(a) GDPR. Tipo: Complaint. Sommario: The Persónuvernd decided that the transmission of employee’s call record to his ex-wife violates the national act on electronic monitoring and processing of personal information generated by electronic monitoring. ==English Summary== ===Facts=== A citizen complained that his ex-wife received work call records containing personal data about him. ===Dispute=== Is the dissemination of personal data to the data subject's ex-wife, without having obtained the data subject's consent, lawful?",03.12.2019,GDPR Fines - enforcementtracker/gdprhub,https://www.personuvernd.is/urlausnir/midlun-simtalaskrar-og-medferd-tolvupostholfs-eftir-starfslok,Persónuvernd (Iceland),Iceland,,Anonymous,Complaint,2026-05-23T01:15:32.768938,gdprhub.eu,Amnesty Italia,Italia,2,"['Article || Personaggi Pubblici', 'Iceland || Stati e Luoghi', 'Anonymous – Persónuvernd || Stati e Luoghi', 'GDPR || Leggi e Regolamentazioni || EU', 'ICO || Istituzioni || Regno Unito']",NEUTRALE,"['persónuvernd', 'iceland', 'the', 'his', 'subject']",Non classificato,0.0,-1,True
20d71b52a91ec8d988e587e137c12eb185383ec36657efc067b62feaaedea0c0,8e72a2a54a631f95c848c672f83294a98ec83e7ea27e4ec22ce0d08e86e692d5,[Hungary] Hospital – NAIH (Hungary),"[Hungary] Hospital – NAIH (Hungary). Articoli: Article 5(1)(d) GDPR. Tipo: Complaint. Sommario: The NAIH confirmed that the exercice of the access right and the accuracy principle do not require to provide certified copies to the data subject. ==English Summary== ===Facts=== The applicant is a citizen who originally filed a complaint against the Hospital regarding the medical treatment he was subject to. During the investigations concerning the Hospital, the applicant requested a copy of his personal data. The hospital charged the applicant with a fee and sent a copy of the documents",18.11.2019,GDPR Fines - enforcementtracker/gdprhub,https://www.naih.hu/files/NAIH-2019-5112-hatarozat.pdf,NAIH (Hungary),Hungary,,Hospital,Complaint,2026-05-23T01:15:33.553905,gdprhub.eu,Amnesty Italia,Italia,2,"['Naih || Aziende e Org Private', 'Hungary || Aziende e Org Private', 'Fee And || Aziende e Org Private', 'Hungary] Hospital || Stati e Luoghi', 'GDPR || Leggi e Regolamentazioni || EU', 'ICO || Istituzioni || Regno Unito']",NEUTRALE,"['the', 'applicant', 'subject', 'confirmed', 'who']",Non classificato,0.0,-1,True
c882bfb6a21fc20199698b276bd46381b7b51f099797e75023242b1b17ad7828,196408e9552c3998aa78d6e540c522f9538a735c0479ee8464f5228d510a03f0,[Hungary] Public sector – NAIH (Hungary),[Hungary] Public sector – NAIH (Hungary). Articoli: Article 5(1)(e) GDPR. Tipo: Complaint. Sommario: The NAIH fined €1.500 an employer in the public sector for unlawful search in archived e-mail account of former employee. ==English Summary== ===Facts=== An employer searched in the archived private e-mails of a former employee after noticing him. ===Dispute=== Could data controller be allowed to process non-work and work related personal data of former employee in any situation? ===Holding=== The NAIH decided that the employer was not allowed to process the former employee’s private c,11.12.2019,GDPR Fines - enforcementtracker/gdprhub,https://www.naih.hu/files/NAIH-2019-51-hatarozat.pdf,NAIH (Hungary),Hungary,1500.0,Public sector,Complaint,2026-05-23T01:15:34.336513,gdprhub.eu,AI Forensics,Italia,2,"['Article || Personaggi Pubblici', 'Hungary || Aziende e Org Private', 'Naih || Aziende e Org Private', 'GDPR || Leggi e Regolamentazioni || EU', 'ICO || Istituzioni || Regno Unito']",NEUTRALE,"['employee', 'process', 'in', 'the', 'public']",Non classificato,0.0,-1,True
9dafa0bb3457f3384f5b238167d5efb0ba056d2dbb00aa773cf7377836d72439,6aecf48ca129a19b21f3b8f6fc764ae0bb542db2fc1b4ce96ceb25706f2e19bb,[Iceland] Anonymous – Persónuvernd (Iceland),[Iceland] Anonymous – Persónuvernd (Iceland). Articoli: Article 21(2) GDPR. Tipo: Complaint. Sommario: The Persónuvernd found that a telecommunication company sent unauthorised marketing emails; despite the data subject’s objection violated the GDPR and the ePrivacy Directive. ==English Summary== ===Facts=== A citizen (the complainant) objected to marketing emails when they registered within the National Registry of email marketing in Iceland. The Telecommunication company Simmin hf ignored the data subject’s objection and sent him marketing emails related to a television. The complainant f,03.01.2020,GDPR Fines - enforcementtracker/gdprhub,https://www.personuvernd.is/urlausnir/simanum-hf.-oheimilt-ad-senda-tolvupost-vegna-markadssetningar-til-vidskiptavinar-sem-skradur-var-a-bannskra,Persónuvernd (Iceland),Iceland,,Anonymous,Complaint,2026-05-23T01:15:35.173100,gdprhub.eu,Amnesty Italia,Italia,2,"['The Telecommunication Company || Aziende e Org Private', 'The Complainant || Aziende e Org Private', 'Iceland || Stati e Luoghi', 'Anonymous – Persónuvernd || Stati e Luoghi', 'Article || Aziende e Org Private', 'GDPR || Leggi e Regolamentazioni || EU', 'ICO || Istituzioni || Regno Unito']",NEUTRALE,"['marketing', 'iceland', 'emails', 'the', 'persónuvernd']",Non classificato,0.0,-1,True
3997399562edf058995a477cec140a1b06eccb256e1cef6e18250e6b9abc9dcc,5562b058dfde250e18c95539a2a68dda143483bd9b819f64352adbe1dee3b31f,[Belgium] Anonymous – APD/GBA (Belgium),"[Belgium] Anonymous – APD/GBA (Belgium). Articoli: Article 4(11) GDPR. Tipo: Investigation. Sommario: The Belgian DPA (APD/GBA) fined the defendant € 15000 for cookies placed without prior consent. ==English Summary== ===Facts=== The ADP/GBA conducted investigations into a webpage for violations of Article 6(1)(a), 12 and 13 GDPR. ===Holding=== After having conducted investigations, the GBA submitted a report in June 2019 regarding several violations: *The company’s privacy statement and cookie policy did not comply with the GDPR and the national law implementing the ePrivacy Directive.",17.12.2019,GDPR Fines - enforcementtracker/gdprhub,https://autoriteprotectiondonnees.be/publications/decision-quant-au-fond-n-12-2019.pdf,APD/GBA (Belgium),Belgium,15000.0,Anonymous,Investigation,2026-05-23T01:15:35.974835,gdprhub.eu,AI Forensics,Italia,2,"['Article || Personaggi Pubblici', 'Belgium || Stati e Luoghi', 'Holding=== After || Stati e Luoghi', 'GDPR || Leggi e Regolamentazioni || EU', 'ICO || Istituzioni || Regno Unito']",NEUTRALE,"['gba', 'the', 'belgium', 'apd', 'violations']",Non classificato,0.0,-1,True
da27d25fc60a79f35dac63b677efea1a971da5739921c4285e29a78ccf2dbaa6,1385ad1caa35f30ec3b8d6df560a67fdf6324a9cc8d3866b629a3992ff7f5d49,[Greece]  – HDPA (Greece),[Greece]  – HDPA (Greece). Articoli: Article 12(3) GDPR. Tipo: Complaint. Sommario: The HDPA issued a reprimand to the Ministry of Mercantile Marine and Island Policy for infringement of the right of access. ==English Summary== ===Facts=== The Complainant was an employee at the Hellenic Ministry of Mercantile Marine and Island Policy and she claimed that the Ministry violated her right of access according to [[Article 15 GDPR|Article 15 GDPR]] and her right of rectification according to [[Article 16 GDPR|Article 16 GDPR]]. She was candidate for an executive position within,11.12.2019,GDPR Fines - enforcementtracker/gdprhub,"https://www.dpa.gr/portal/page?_pageid=33,15453&_dad=portal&_schema=PORTAL",HDPA (Greece),Greece,,,Complaint,2026-05-23T01:15:36.831381,gdprhub.eu,Amnesty Italia,Italia,2,"['Article || Personaggi Pubblici', 'Facts=== The Complainant || Stati e Luoghi', 'Reprimand To The Ministry Of Mercantile Marine || Aziende e Org Private', 'GDPR || Leggi e Regolamentazioni || EU', 'ICO || Istituzioni || Regno Unito']",NEUTRALE,"['ministry', 'right', 'according', 'her', 'greece']",Non classificato,0.0,-1,True
927c1ab8a3ca02dea3a01e340fae8692d140890278031d9d9c2da2b8481eb725,f4d67250f03f1de6643df7870f55ff89ecf2ce185dcbf2a8f9d04a4ebd8e6d99,[Finland] Anonymous – Tietosuojavaltuutetun toimisto (Finland),[Finland] Anonymous – Tietosuojavaltuutetun toimisto (Finland). Articoli: Article 15(4) GDPR. Tipo: Complaint. Sommario: The Tietosuojavaltuutetun toimisto rejected a complaint filed by a data subject to gain access to his wife's bonus bank account details. ==English Summary== ===Facts=== The DPA received a complaint against the OP Financial Group (OP Ryhmä) from an applicant requesting comprehensive access to OP bonus account information in an account held by his wife. ===Dispute=== The Tietosuojavaltuutetun toimisto had to determine if the applicant was entitled to access such information from the couple,03.01.2020,GDPR Fines - enforcementtracker/gdprhub,https://www.finlex.fi/fi/viranomaiset/tsv/2020/20200441,Tietosuojavaltuutetun toimisto (Finland),Finland,,Anonymous,Complaint,2026-05-23T01:15:37.608026,gdprhub.eu,Amnesty Italia,Italia,2,"['Finland || Istituzioni', 'Article || Aziende e Org Private', 'Op Ryhmä || Aziende e Org Private', 'GDPR || Leggi e Regolamentazioni || EU', 'ICO || Istituzioni || Regno Unito']",NEUTRALE,"['toimisto', 'tietosuojavaltuutetun', 'account', 'finland', 'access']",Non classificato,0.0,-1,True
7f9b37cb278323baccb455d95a861493dd75dcbba5d33b27ce45096dd88871cf,115a1a6f98228e8fcb74d5454c028acfb539b2d7ad0a89e70c6c6fead193acff,[Poland] Bisnode – UODO (Poland),"[Poland] Bisnode – UODO (Poland). Articoli: Article 14 GDPR. Tipo: Investigation. Sommario: [[Category:Article 4(1) GDPR]] [[Category:2019]] The President of the Personal Data Protection Office in Poland (UODO) imposed the first fine in the amount of over PLN 943 000 for the failure to fulfil the information obligation. ==English Summary== ===Facts=== The decision of the UODO’s President concerned the proceedings related to the activity of a company which processed the data subjects’ data obtained from publicly available sources, inter alia from the Central Electronic Register a",15.03.2019,GDPR Fines - enforcementtracker/gdprhub,https://uodo.gov.pl/en/file/314,UODO (Poland),Poland,220000.0,Bisnode,Investigation,2026-05-23T01:15:38.454573,gdprhub.eu,Amnesty Italia,Italia,2,"['Uodo || Stati e Luoghi', 'Article || Aziende e Org Private', 'Poland || Stati e Luoghi', 'GDPR || Leggi e Regolamentazioni || EU', 'ICO || Istituzioni || Regno Unito']",NEUTRALE,"['poland', 'uodo', 'the', 'category', 'from']",Non classificato,0.0,-1,True
a9c53817d96331949834216880dd7a1a015605c4312e8b86662d898649411acb,999503d04d6a85741097d5df29e7185074ed09dcd620d7f29305d03cd5a46cba,[Finland] Anonymous – Tietosuojavaltuutetun toimisto (Finland),"[Finland] Anonymous – Tietosuojavaltuutetun toimisto (Finland). Articoli: Article 5(1)(a) GDPR. Tipo: Complaint. Sommario: The Tietosuojavaltuutetun toimisto issued a reprimand to the controller that could not communicate a personal data breach to all affected data subjects due to a lack of contact data. ==English Summary== ===Facts=== Following the disclosure of a data breach, the controller stated that he had modified the forms on its website avoiding any further storage of personal data in a database. Upon instruction by the DPA, the controller signed a Data Processing Agreement pursuant to [[Article 28 GD",15.01.2020,GDPR Fines - enforcementtracker/gdprhub,https://www.finlex.fi/fi/viranomaiset/tsv/2020/20200461,Tietosuojavaltuutetun toimisto (Finland),Finland,,Anonymous,Complaint,2026-05-23T01:15:39.263326,gdprhub.eu,AI Forensics,Italia,2,"['Reprimand To The Controller That Could || Aziende e Org Private', 'Article || Personaggi Pubblici', 'Finland || Istituzioni', 'Facts=== Following The Disclosure Of || Stati e Luoghi', 'GDPR || Leggi e Regolamentazioni || EU', 'ICO || Istituzioni || Regno Unito']",NEUTRALE,"['toimisto', 'tietosuojavaltuutetun', 'finland', 'data', 'the']",Non classificato,0.0,-1,True
5b1cb8c9b8bca4a93c5c81209f63352302a2eca383a3e0c5d14be96037a9153f,9200489f8382d3cec6b76294d61af292827eb84a554d8609b4bcc518074477b5,[Greece] ALLSEAS MARINE S.A. – HDPA (Greece),"[Greece] ALLSEAS MARINE S.A. – HDPA (Greece). Articoli: Article 5(1)(a) GDPR. Tipo: Complaint. Sommario: The HDPA issued an order to the Greek company managing dry bulk and container vessels, ALLSEAS MARINE S.A., to bring its processing operations with regard to the video surveillance it employed into compliance with the GDPR. The HDPA also issued a fine EUR 15,000 for violation of the data subject’s right to access and of the principles relating to data processing as foreseen under [[Article 5 GDPR#1|Article 5(1) GDPR]]. ==English Summary== ===Facts=== The Complainant was General Manager and",13.01.2020,GDPR Fines - enforcementtracker/gdprhub,https://www.dpa.gr/portal/page?_pageid=33%2C15453&_dad=portal&_schema=PORTAL&_piref33_15473_33_15453_15453.etos=2019&_piref33_15473_33_15453_15453.arithmosApofasis=&_piref33_15473_33_15453_15453.thematikiEnotita=-1&_piref33_15473_33_15453_15453.ananeosi=%CE%91%CE%BD%CE%B1%CE%BD%CE%AD%CF%89%CF%83%CE%B7,HDPA (Greece),Greece,15000.0,ALLSEAS MARINE S.A.,Complaint,2026-05-23T01:15:40.197942,gdprhub.eu,Amnesty Italia,Italia,2,"['Article || Personaggi Pubblici', 'Facts=== The Complainant || Stati e Luoghi', 'GDPR || Leggi e Regolamentazioni || EU', 'ICO || Istituzioni || Regno Unito']",NEUTRALE,"['hdpa', 'the', 'greece', 'to', 'processing']",Non classificato,0.0,-1,True
12083619ac28e1e9a725e99410bb321edd36d4f5913afc932f74b45c764c8b62,dcec4ee9fb33866c9e38ef76e9bf099909b6971c301aa27dd8238c0e6b65c35c,[Norway] Education Agency for Oslo municipality – Datatilsynet (Norway),"[Norway] Education Agency for Oslo municipality – Datatilsynet (Norway). Articoli: Article 5(1)(f) GDPR. Tipo: . Sommario: A fine of NOK 1,200,000 (approximately €120,000), reduced from NOK 2,000,000, was imposed against the Education Agency of the Municipality of Oslo due to breach of personal data security in the mobile application “Skolemelding”. The fine was issued due to the application's lack of security and subsequent violations of [[Article 32 GDPR#1b|Article 32(1)(b) GDPR]] and [[Article 32 GDPR#1d|Article 32(1)(d) GDPR]] and of the principle of accountability as foreseen in [[Article 5 GDPR#2|Article 5",01.12.2019,GDPR Fines - enforcementtracker/gdprhub,https://www.datatilsynet.no/contentassets/ae65e212c134455c93f36a10c5a8c792/vedtak-oslo-kommune-oktober2019.pdf,Datatilsynet (Norway),Norway,1200000.0,Education Agency for Oslo municipality,,2026-05-23T01:15:41.060046,gdprhub.eu,Amnesty Italia,Italia,2,"['Norway || Stati e Luoghi', 'GDPR || Leggi e Regolamentazioni || EU', 'ICO || Istituzioni || Regno Unito']",NEUTRALE,"['32', '000', 'of', 'due', 'agency']",Non classificato,0.0,-1,True
bbbdb9d5c898ece40d523139c2e5e09ac5f34188bdac1f487b05c34d610625e1,3893da9a375714ebebb3f049c032ea9dc1097eac1840cc068b1a6b09823c47ab,[Greece] AEGEAN BUNKERING SERVICES INC (ABS) – HDPA (Greece),"[Greece] AEGEAN BUNKERING SERVICES INC (ABS) – HDPA (Greece). Articoli: Article 5(1) GDPR. Tipo: Complaint. Sommario: The HDPA issued EUR 150,000 fine against Greek supplier of marine bunker fuels and lubricants for violations of the principles of lawfulness, fairness and transparency and the security of processing according to the GDPR, while carrying out data processing operations in computer infrastructures (server hardware and software). ==English Summary== ===Facts=== ABS filed a complaint against companies AMPNI and EY Greece for alleged violations of [[Article 33 GDPR|Article 33 GDPR]]. According",19.12.2019,GDPR Fines - enforcementtracker/gdprhub,https://www.dpa.gr/el HDPA,HDPA (Greece),Greece,150000.0,AEGEAN BUNKERING SERVICES INC (ABS),Complaint,2026-05-23T01:15:42.003843,gdprhub.eu,Privacy Network,Italia,2,"['Aegean || Aziende e Org Private', 'GDPR || Leggi e Regolamentazioni || EU', 'ICO || Istituzioni || Regno Unito']",NEUTRALE,"['greece', 'according', 'violations', 'hdpa', 'and']",Non classificato,0.0,-1,True
4f132a20ac3e069f8ab8f72835a4e68a90083e96701c1104a8de58475fe6ad59,0a43e9d24b4243de750b4bd79690130030a5140f6e4f29de8b970952df89ace1,[Greece] National Register of Undesirable Aliens (EKANA) – HDPA (Greece),"[Greece] National Register of Undesirable Aliens (EKANA) – HDPA (Greece). Articoli: Article 6 GDPR. Tipo: Complaint. Sommario: The HDPA rejected complaint filed by alien with regard to the erasure of his data from the Schengen Information System (SIS) and the National Register of Undesirable Aliens (EKANA). ==English Summary== ===Facts=== Alien asked the erasure of his data from SIS and EKANA. The HDPA invited the Aliens Division of Attica to provide supporting documentation. The complainant exercised his right to erasure twice before EKANA, but his request was rejected both of the times, since he hadn't submitted",24.12.2019,GDPR Fines - enforcementtracker/gdprhub,https://www.dpa.gr/portal/page?_pageid=33%2C15453&_dad=portal&_schema=PORTAL&_piref33_15473_33_15453_15453.etos=2019&_piref33_15473_33_15453_15453.arithmosApofasis=&_piref33_15473_33_15453_15453.thematikiEnotita=-1&_piref33_15473_33_15453_15453.ananeosi=%CE%91%CE%BD%CE%B1%CE%BD%CE%AD%CF%89%CF%83%CE%B7,HDPA (Greece),Greece,,National Register of Undesirable Aliens (EKANA),Complaint,2026-05-23T01:15:42.799101,gdprhub.eu,Amnesty Italia,Italia,2,"['National Register Of Undesirable Aliens || Aziende e Org Private', 'GDPR || Leggi e Regolamentazioni || EU', 'ICO || Istituzioni || Regno Unito']",NEUTRALE,"['erasure', 'hdpa', 'his', 'the', 'greece']",Non classificato,0.0,-1,True
4c34a57941326c7f34edae8f1afcedbdc30190f3674bee5354820931a5ad835a,12333fe1091220621b8c97fdd4053e82019f5d413beffc1c894c4aa6109d679a,[Denmark] Arbejdsmarkedets Feriefond – Datatilsynet (Denmark),"[Denmark] Arbejdsmarkedets Feriefond – Datatilsynet (Denmark). Articoli: Article 5(1)(a) GDPR. Tipo: Complaint. Sommario: The ''Datatilsynet'' issued severe criticism of ''Arbejdsmarkedets Feriefond'', a Danish self-governing institution, for not providing a data subject with sufficient information in a timely manner, thereby breaching Articles 12(1), 14(1)(c), 14(2) and 14(3) GDPR. In addition, Datatilsynet also issued criticism in relation to Article 5(1)(a) GDPR for the controller’s attempt to collect consent for the processing of the personal data after the data subject contacted the controller, as another",20.12.2019,GDPR Fines - enforcementtracker/gdprhub,https://www.datatilsynet.dk/tilsyn-og-afgoerelser/afgoerelser/2019/dec/arbejdsmarkedets-feriefonds-iagttagelse-af-oplysningspligt-og-brug-af-samtykke/,Datatilsynet (Denmark),Denmark,,Arbejdsmarkedets Feriefond,Complaint,2026-05-23T01:15:43.697841,gdprhub.eu,AI Forensics,Italia,2,"['Article || Personaggi Pubblici', 'GDPR || Leggi e Regolamentazioni || EU', 'ICO || Istituzioni || Regno Unito']",NEUTRALE,"['14', 'datatilsynet', 'denmark', 'the', 'issued']",Non classificato,0.0,-1,True
d5c7faf62779e7212314c4db7e087825921c0b79e2a6974e4ec265f9a67307ab,9522c3f9e7e650f8962659e8aa8687c8f8d56bda86e54a7e3d259c79167cb233,[Slovenia] anonymous – IP (Slovenia),"[Slovenia] anonymous – IP (Slovenia). Articoli: Article 58(3) GDPR. Tipo: Advisory Opinion. Sommario: The Slovenian DPA (IP) issued a non-binding opinion as foreseen under [[Article 58 GDPR#3|Article 58(3) GDPR]] regarding spamming e-mails to Slovenian company, which were sent by a travel agency without any prior registration. ==English Summary== ===Facts and questions arising=== A Slovenian company asked the IP whether a travel agency was allowed to send spams to the company's e-mail ""info@..."" since it hasn't registered to receive such e-mails. ===Holding=== The IP found that the pr",04.02.2020,GDPR Fines - enforcementtracker/gdprhub,https://www.ip-rs.si/vop/?tx_jzgdprdecisions_pi1%5BshowUid%5D=1244,IP (Slovenia),Slovenia,,anonymous,Advisory Opinion,2026-05-23T01:15:44.507569,gdprhub.eu,Amnesty Italia,Italia,2,"['Slovenia || Stati e Luoghi', 'Travel Agency Without Any Prior Registration || Stati e Luoghi', 'Article || Aziende e Org Private', 'GDPR || Leggi e Regolamentazioni || EU', 'ICO || Istituzioni || Regno Unito']",NEUTRALE,"['ip', 'opinion', 'slovenia', 'agency', 'company']",Non classificato,0.0,-1,True
48dd0cc5b49e212106bbb332977b279e1c6e71beb3999a95de9cd7d7f46a497b,a461a612b08b2ba1c595da4c6f57f273196a4e1ff9f18a611cfcaf521796ad92,[Spain] Health Department of Madrid – AEPD (Spain),"[Spain] Health Department of Madrid – AEPD (Spain). Articoli: Article 12 GDPR. Tipo: Complaint. Sommario: The AEPD found that a data controller may not require from the data subject to collect the personal data requested himself or on his behalf if it can be sent with appropriate and adequate means instead. Indeed, the data controller was able to identify the data subject and to send the personal data via encrypted email. Therefore, it was not proportionate to answer that the right of access could be exercised only if the data subject has appointed someone to collect his personal data on his beh",03.02.2020,GDPR Fines - enforcementtracker/gdprhub,https://www.aepd.es/es/documento/td-00325-2019.pdf,AEPD (Spain),Spain,,Health Department of Madrid,Complaint,2026-05-23T01:15:45.252243,gdprhub.eu,Slow Web,Italia,2,"['Spain || Stati e Luoghi', 'Indeed || Aziende e Org Private', 'GDPR || Leggi e Regolamentazioni || EU', 'ICO || Istituzioni || Regno Unito', 'AEPD || Istituzioni || Spagna']",NEGATIVO (Liberta' ristretta),"['data', 'the', 'his', 'subject', 'to']",Non classificato,0.0,-1,True
cdf29f2827c4756c0a0bf36198b137621396802ae2e9a8a8aa994f5ca29e6ab4,476269c9f589d8226d752b977b9f14c9f1981bf4ea17903910f71353ca99007d,"[Spain] The Department of Education, University and Vocational Training – AEPD (Spain)","[Spain] The Department of Education, University and Vocational Training – AEPD (Spain). Articoli: Article 5(1)(f) GDPR. Tipo: Complaint. Sommario: The AEPD found that the dissemination of student’s personal data on a list made available to the public offline and online was contrary to the principles of confidentiality and security of processing. ==English Summary== ===Facts=== The complainant filed a complaint against the EEIM School with the AEPD regarding the disclosure to the public off and online of the final list of the 100 admitted students containing their personal data. Indeed, the list was made available to the public o",03.02.2020,GDPR Fines - enforcementtracker/gdprhub,https://www.aepd.es/es/documento/ps-00024-2019.pdf,AEPD (Spain),Spain,,"The Department of Education, University and Vocational Training",Complaint,2026-05-23T01:15:46.189927,gdprhub.eu,Amnesty Italia,Italia,2,"['Spain || Stati e Luoghi', 'University And Vocational Training – Aepd || Aziende e Org Private', 'GDPR || Leggi e Regolamentazioni || EU', 'ICO || Istituzioni || Regno Unito', 'AEPD || Istituzioni || Spagna']",NEUTRALE,"['the', 'public', 'of', 'aepd', 'and']",Non classificato,0.0,-1,True
109e3e4970aca5704a5a28b11c1ac2f1befa67e892eb67f6b5d2cde50221fc80,d9605fc52199ceb66a54e06db8f6eff8fcb84575382c8d53a70d826e88ed7405,[Spain] City Council of Vigo – AEPD (Spain),"[Spain] City Council of Vigo – AEPD (Spain). Articoli: Article 5(1)(f) GDPR. Tipo: Complaint. Sommario: The AEPD confirmed that publishing personal data in relation to public employment was a breach of the principle of integrity and confidentiality. ==English Summary== ===Facts=== Seven citizens submitted a complaint before the AEPD against the city council of Vigo for disclosing their personal data in relation to public employment. ===Dispute=== Does publishing the personal data regarding the eligibility of public employment of a data subject, on a public bulletin, constitute a breach",03.02.2020,GDPR Fines - enforcementtracker/gdprhub,https://www.aepd.es/es/documento/ps-00012-2019.pdf,AEPD (Spain),Spain,,City Council of Vigo,Complaint,2026-05-23T01:15:47.086255,gdprhub.eu,Amnesty Italia,Italia,2,"['Spain || Stati e Luoghi', 'Spain] City Council Of Vigo – Aepd || Stati e Luoghi', 'Facts=== Seven || Stati e Luoghi', 'GDPR || Leggi e Regolamentazioni || EU', 'ICO || Istituzioni || Regno Unito', 'AEPD || Istituzioni || Spagna']",NEUTRALE,"['public', 'city', 'council', 'of', 'aepd']",Non classificato,0.0,-1,True
6f43f553dccf1679472e97fad355b32172a51a87163ec26fa60a28a34cc49b37,9ba30aec9a0403c7b4b7d2b62c0c6c45132e3616d78ae831950a5f09a760e0b0,[Spain] Department of Education w/ Benidorm City Council – AEPD (Spain),"[Spain] Department of Education w/ Benidorm City Council – AEPD (Spain). Articoli: Article 4(12) GDPR. Tipo: Investigation. Sommario: The AEPD found that the City of Benidorm had appropriate technical and organisational measures in place following a personal data breach. ==English Summary== ===Facts and questions arising=== The AEPD received a data breach notification by the city of Benidorm. In postings regarding provisional resolution on “psychopedagogical aids”, data regarding the applicants of aid was posted. The information included identification data (name and surname, ID of parents; name and surnames of minor",03.02.2020,GDPR Fines - enforcementtracker/gdprhub,https://www.aepd.es/es/documento/e-08452-2019.pdf,AEPD (Spain),Spain,,Department of Education w/ Benidorm City Council,Investigation,2026-05-23T01:15:47.868632,gdprhub.eu,Amnesty Italia,Italia,2,"['Spain || Stati e Luoghi', 'Article || Personaggi Pubblici', 'Regarding The Applicants Of Aid Was Posted || Aziende e Org Private', 'Name And Surnames Of || Personaggi Pubblici', 'GDPR || Leggi e Regolamentazioni || EU', 'ICO || Istituzioni || Regno Unito', 'AEPD || Istituzioni || Spagna']",NEUTRALE,"['city', 'of', 'aepd', 'breach', 'the']",Non classificato,0.0,-1,True
fd822a4e4fca6bbac999f34bdde15ebf28ae32ab17fc2f54ea72399964948464,3067d9e0dc85464b3803ed1d776d28ee4ff942ce77e5f4cb3c5a3e87b43c48e3,[Spain] VODAFONE ESPAÑA – AEPD (Spain),"[Spain] VODAFONE ESPAÑA – AEPD (Spain). Articoli: Article 4(11) GDPR. Tipo: Complaint. Sommario: The AEPD following a complaint imposed a fine of EUR 75,000 on the telecom company, Vodafone España. The data controller did not obtain the consent for the processing of the applicant’s data, as required by [[Article 6 GDPR|Article 6 GDPR]]. ==English Summary== ===Facts=== The AEPD examined a complaint submitted by a customer concerning the processing of his data by Vodafone España. The company kept sending him emails after he had expressly withdrawn his consent to the processing of his pe",,GDPR Fines - enforcementtracker/gdprhub,https://www.aepd.es/es/documento/ps-00278-2019.pdf,AEPD (Spain),Spain,75000.0,VODAFONE ESPAÑA,Complaint,2026-05-23T01:15:48.689481,gdprhub.eu,AI Forensics,Italia,2,"['Spain || Stati e Luoghi', 'Article || Personaggi Pubblici', 'Vodafone España || Aziende e Org Private', 'GDPR || Leggi e Regolamentazioni || EU', 'AMI || Tecnologie || IA', 'ICO || Istituzioni || Regno Unito', 'AEPD || Istituzioni || Spagna']",NEUTRALE,"['españa', 'vodafone', 'the', 'processing', 'his']",Non classificato,0.0,2,False
955e59be9fa3225e419c9bde7eb0b0aa1bc8a5e9e24e0125609d62f697598671,1676a4871b204a839df281c785233522794f5c2bbe029a35e0540d62da14daca,[Germany] Food craft company (unknown) – LfDI (Baden-Württemberg),"[Germany] Food craft company (unknown) – LfDI (Baden-Württemberg). Articoli: Article 5(1)(f) GDPR. Tipo: Investigation. Sommario: The LfDI (Baden-Württemberg) imposed a fine of EUR 100,000 on an medium-sized food craft company. The data controller unlawfully processed personal data and violated [[Article 5 GDPR#1f|Article 5(1)(f) GDPR]]. It also did not process personal data with an appropriate level of security, as required by [[Article 32 GDPR]]. ==English Summary== ===Facts=== The company accepted applications via an applicant portal integrated into its website. However, the data transmission was not encrypted. Th",30.01.2020,GDPR Fines - enforcementtracker/gdprhub,"https://www.baden-wuerttemberg.datenschutz.de/wp-content/uploads/2020/01/35.-T%C3%A4tigkeitsbericht-f%C3%BCr-den-Datenschutz-Web.pdf#page=44&zoom=100,0,0",LfDI (Baden-Württemberg),Germany,100000.0,Food craft company (unknown),Investigation,2026-05-23T01:15:49.472309,gdprhub.eu,AI Forensics,Italia,2,"['Baden-Württemberg || Stati e Luoghi', 'Violated || Aziende e Org Private', 'Germany || Stati e Luoghi', 'GDPR || Leggi e Regolamentazioni || EU', 'ICO || Istituzioni || Regno Unito']",NEUTRALE,"['company', 'an', 'data', 'gdpr', 'the']",Non classificato,0.0,-1,True
00f0d1f723bd22cd11b5ca4c35d2906b02eb671bed06c61107fffc57b474fad4,5b0152bc57f86456597e29750aa9752dc5ca32e14fef273723d32b069bf1ccf9,"[Spain] Vodafone España, S.A.U A.A.A. – AEPD (Spain)","[Spain] Vodafone España, S.A.U A.A.A. – AEPD (Spain). Articoli: Article 6(1) GDPR. Tipo: Complaint. Sommario: The AEPD decided to initiate disciplinary proceedings against Vodafone España, S.A.U. and impose a fine of € 100.000 for the alleged infringement of Article 6(1) GDPR. ==English Summary== ===Facts=== The complainant filed a complaint against Vodafone España, S.A.U. (respondent) with the Spanish Data Protection Agency (AEPD) on 16 May 2019. On 20 February 2019 the complainant received an email with an invoice for an alleged contracted telephone line from Vodafone España, S.A.U. Despite the",28.11.2019,GDPR Fines - enforcementtracker/gdprhub,https://www.aepd.es/es/documento/ps-00405-2019.pdf,AEPD (Spain),Spain,100000.0,"Vodafone España, S.A.U A.A.A.",Complaint,2026-05-23T01:15:50.418394,gdprhub.eu,AI Forensics,Italia,2,"['S.A.U. And || Aziende e Org Private', 'Spain || Aziende e Org Private', 'S.A.U. Despite || Aziende e Org Private', 'Respondent || Stati e Luoghi', 'S.A.U. || Aziende e Org Private', 'Against Vodafone España || Aziende e Org Private', 'Vodafone España || Aziende e Org Private', 'GDPR || Leggi e Regolamentazioni || EU', 'ICO || Istituzioni || Regno Unito', 'AEPD || Istituzioni || Spagna']",NEUTRALE,"['españa', 'vodafone', 'aepd', 'an', 'the']",Non classificato,0.0,2,False
c1c500a8717df2c348f1d754c21787fc5e6727177b2dfc18b8a6369d09b23147,6679f8fe7918a25dd54722151d23e0b5c8834854ce91e73c7222d09b42aca52e,[Spain] VODAFONE ESPAÑA – AEPD (Spain),"[Spain] VODAFONE ESPAÑA – AEPD (Spain). Articoli: Article 5(1)(f) GDPR. Tipo: Complaint. Sommario: The AEPD imposed a fine of EUR 50,000 on Vodafone España, S.A.U. (data controller), due to the breach of its duty of processing personal data according to the principle of confidentiality, as required by [[Article 5 GDPR#1f|Article 5(1)(f) GDPR]]. ==English Summary== ===Facts=== The fine followed a complaint submitted by a Spanish citizen who claimed that the data controller had sent some services invoices to her neighbour, and that, although the letters were clearly addressed to that neig",03.02.2020,GDPR Fines - enforcementtracker/gdprhub,https://www.aepd.es/es/documento/ps-00275-2019.pdf,AEPD (Spain),Spain,50000.0,VODAFONE ESPAÑA,Complaint,2026-05-23T01:15:51.268057,gdprhub.eu,AI Forensics,Italia,2,"['Spain || Stati e Luoghi', 'S.A.U. || Aziende e Org Private', 'GDPR || Leggi e Regolamentazioni || EU', 'ICO || Istituzioni || Regno Unito', 'AEPD || Istituzioni || Spagna']",NEUTRALE,"['españa', 'vodafone', 'the', 'to', 'that']",Non classificato,0.0,2,False
1ee55bb2c026e7c6351cf98b61a16a5234dcb977460f04ab6395368d7ec91407,eaf22157ce245021c61a3c723729681f5e87afc2cd401311c0737a2470048b9e,[Spain] CaixaBank S.A. – AEPD (Spain),"[Spain] CaixaBank S.A. – AEPD (Spain). Articoli: Article 33 GDPR. Tipo: Investigation. Sommario: The AEPD decided that the corrective actions taken by CaixaBank S.A. after the reported data breach were in accordance with the data protection law. ==English Summary== ===Facts=== On 30 May 2019 CaixaBank S.A. notified the Spanish Data Protection Agency (AEPD) about a security breach relating to the paper documentation which related to its customers and which was deposited in a public waste container. There was no evidence, but it could not be ruled out that the documentation did not con",21.01.2020,GDPR Fines - enforcementtracker/gdprhub,https://www.aepd.es/es/documento/e-08501-2019.pdf,AEPD (Spain),Spain,,CaixaBank S.A.,Investigation,2026-05-23T01:15:52.018361,gdprhub.eu,AI Forensics,Italia,2,"['Spain || Stati e Luoghi', 'GDPR || Leggi e Regolamentazioni || EU', 'ICO || Istituzioni || Regno Unito', 'AEPD || Istituzioni || Spagna']",NEUTRALE,"['the', 'protection', 'aepd', 'breach', 'which']",Non classificato,0.0,-1,True
12cb532ed1369e0a44030902ce2e3aa688fb5f40fe9f66e6a1046b7e02f44ad4,1c3cd699dcd0e852ee9126be7826bba5833b57f59b4b0c2a919272d877a0f3ff,[Spain] CGT Sector Federal de Telemarketing A.A.A. – AEPD (Spain),"[Spain] CGT Sector Federal de Telemarketing A.A.A. – AEPD (Spain). Articoli: Article 17 GDPR. Tipo: Complaint. Sommario: The AEPD dismissed the complaint regarding the right ""to be forgotten"" exercised by a complainant pursuant to Article 17 GDPR and analysed the exercise of the rights under Articles 15-22 GDPR. ==English Summary== ===Facts=== On 15 February 2019, Mrs A.A.A. (hereinafter, the complainant) exercised her right to erasure against CGT Sector Federal de Telemarketing (hereinafter, the respondent), but had not received a response to her request. In particular, the request included that complain",07.01.2020,GDPR Fines - enforcementtracker/gdprhub,https://www.aepd.es/es/documento/td-00262-2019.pdf,AEPD (Spain),Spain,,CGT Sector Federal de Telemarketing A.A.A.,Complaint,2026-05-23T01:15:52.818096,gdprhub.eu,AI Forensics,Italia,2,"['Spain || Stati e Luoghi', 'The Complainant || Personaggi Pubblici', 'Exercised Her Right To Erasure Against || Personaggi Pubblici', 'The Respondent || Personaggi Pubblici', 'GDPR || Leggi e Regolamentazioni || EU', 'ICO || Istituzioni || Regno Unito', 'AEPD || Istituzioni || Spagna']",NEUTRALE,"['the', 'de', '17', 'exercised', 'her']",Non classificato,0.0,-1,True
6e8dcf6e9ac7c809494d7f0abc2a58d5040e34745cd145b856d940a4a8ca4125,3978cfe62fcd45a53e10a1776a7018c446728334320385774b46f28355a765f6,[Spain] XFERA MÓVILES – AEPD (Spain),"[Spain] XFERA MÓVILES – AEPD (Spain). Articoli: Article 6(1)(a) GDPR. Tipo: Investigation. Sommario: Following an investigation the Spanish Data Protection Authority imposed a fine of EUR 60,000 on XFERA MÓVILES for violation of Article 6(1)(a) GDPR. ==English Summary== ===Facts and questions arising=== Ms Y subscribed a contract with Xfera Moviles for the provision of an internet connection. After a few months, the company interrupts the service. Following a phone request, Ms Y learned that she was no longer a party to the contract. In fact, although she was still paying for it, the serv",04.02.2020,GDPR Fines - enforcementtracker/gdprhub,https://www.aepd.es/es/documento/ps-00227-2019.pdf,AEPD (Spain),Spain,60000.0,XFERA MÓVILES,Investigation,2026-05-23T01:15:53.703092,gdprhub.eu,AI Forensics,Italia,2,"['Spain || Stati e Luoghi', 'Article || Personaggi Pubblici', 'After || Aziende e Org Private', 'GDPR || Leggi e Regolamentazioni || EU', 'ICO || Istituzioni || Regno Unito', 'AEPD || Istituzioni || Spagna']",NEUTRALE,"['the', 'following', 'for', 'spain', 'an']",Non classificato,0.0,-1,True
79301e78a1677715c5c042f2339f01ba27298f15c576303840d783ff10118b06,a19d7d66ab048516e9044c6b7393744d12a7f3081b52eb651538cb9a6c7753c8,"[Spain] ZHANG BORDETA 2006 S.L., D.G. GUARDIA CIVIL – AEPD (Spain)","[Spain] ZHANG BORDETA 2006 S.L., D.G. GUARDIA CIVIL – AEPD (Spain). Articoli: Article 5(1)(c) GDPR. Tipo: Complaint. Sommario: The AEPD initiated sanctions proceedings against a catering company and imposed a fine of EUR 6,000, which could be reduced to EUR 3,600. The company had set security cameras outside of the restaurant, contravening the principle of data minimization, as required in [[Article 5 GDPR#1c|Article 5(1)(c) GDPR]]. ==English Summary== ===Facts=== The AEPD examined a complaint submitted by a unit of the police against a catering company that set a video surveillance system on its restaurant. Some",,GDPR Fines - enforcementtracker/gdprhub,https://www.aepd.es/es/documento/ps-00397-2019.pdf,AEPD (Spain),Spain,3600.0,"ZHANG BORDETA 2006 S.L., D.G. GUARDIA CIVIL",Complaint,2026-05-23T01:15:54.501245,gdprhub.eu,Amnesty Italia,Italia,2,"['Spain || Stati e Luoghi', 'Article || Personaggi Pubblici', 'GDPR || Leggi e Regolamentazioni || EU', 'AMI || Tecnologie || IA', 'ICO || Istituzioni || Regno Unito', 'AEPD || Istituzioni || Spagna']",NEUTRALE,"['company', 'aepd', 'eur', 'the', 'against']",Non classificato,0.0,-1,True
97d37503aeb9267a73ad9ac9a548f8a1936550a14e4e0349780de99ca89c2f27,ca5d262365b48a4ca4468c8a29788bd398cb5767d502f604e2ea12b9c9a0ed06,"[Spain] IBERIA LÍNEAS AÉREAS DE ESPAÑA, S.A. – AEPD (Spain)","[Spain] IBERIA LÍNEAS AÉREAS DE ESPAÑA, S.A. – AEPD (Spain). Articoli: Article 6 GDPR. Tipo: Investigation. Sommario: Following an investigation the AEPD imposed a fine of 20.000 EUR on IBERIA Airlines for the violation of [[Article 6 GDPR#1f|Article 6(1)(f) GDPR]], when further sending unsolicited emails after a customer has requested the deletion of his data. ==English Summary== ===Facts and questions arising=== In 2019, Mr D, a customer of Iberia Airlines, requested the company to delete all his personal data, including those concerning an ongoing Loyalty Program. Although the controller confirmed the",07.02.2020,GDPR Fines - enforcementtracker/gdprhub,https://www.aepd.es/es/documento/ps-00402-2019.pdf,AEPD (Spain),Spain,20000.0,"IBERIA LÍNEAS AÉREAS DE ESPAÑA, S.A.",Investigation,2026-05-23T01:15:55.296720,gdprhub.eu,AI Forensics,Italia,2,"['Spain || Stati e Luoghi', 'Iberia Airlines For The || Aziende e Org Private', 'Iberia Airlines || Aziende e Org Private', 'S.A. – Aepd || Aziende e Org Private', 'GDPR || Leggi e Regolamentazioni || EU', 'ICO || Istituzioni || Regno Unito', 'AEPD || Istituzioni || Spagna']",NEUTRALE,"['the', 'requested', 'his', 'of', 'aepd']",Non classificato,0.0,-1,True
a0b9532cc7456925a3be43140c6da42deee99755bcb910d471a5baf2d9ce4a7f,53acc9f400681ea37fcaccf42f16d9679db17347f4abc9dd1d14bfa47d9287ff,[Austria] Anonymous – DSB (Austria),[Austria] Anonymous – DSB (Austria). Articoli: Article 32 GDPR. Tipo: Complaint. Sommario: <!--Here the main article starts--> The DSB found an [[Article 32 GDPR]] violation where a dating platform did not require a double opt-in confirmation for email addresses used in the sign-up process. ==English Summary== ===Facts=== The email address of a minor (complainant) was used to register an account on two dating websites of the respondent. The complainant's email address subsequently received dating-related emails sent by the respondent. These emails included 'contact recommendati,09.10.2019,GDPR Fines - enforcementtracker/gdprhub,https://www.ris.bka.gv.at/Dokumente/Dsk/DSBT_20191009_DSB_D130_073_0008_DSB_2019_00/DSBT_20191009_DSB_D130_073_0008_DSB_2019_00.html,DSB (Austria),Austria,,Anonymous,Complaint,2026-05-23T01:15:56.110432,gdprhub.eu,Amnesty Italia,Italia,2,"['Was Used To || Personaggi Pubblici', 'Austria || Stati e Luoghi', 'GDPR || Leggi e Regolamentazioni || EU', 'ICO || Istituzioni || Regno Unito']",NEUTRALE,"['email', 'emails', 'austria', 'dsb', 'address']",Non classificato,0.0,-1,True
0c6eb2a808b746f5eb673cb046e2f7efbf62811d948feffc6d5813d0a86b829f,9d48522294cf83287f3914a8d8c825ca418b5c7f8878868436c1ddf23144cff2,[Italy] TIM S.p.A. – Garante per la protezione dei dati personali (Italy),"[Italy] TIM S.p.A. – Garante per la protezione dei dati personali (Italy). Articoli: Article 4 GDPR. Tipo: Complaint. Sommario: 15 January 2020, the Italian Data Protection Authority (Garante) imposed a fine of € 27.802.946 on a telecommunications company, TIM S.p.A. Following hundreds complaints related to the receipt of unsolicited promotional calls, investigations pursued by the Italian Authority revealed several unlawful processes of personal data for the purpose of promotional activities. ==English Summary== ===Facts=== The Garante examined different complaints relating to unsolicited promotional calls recei",15.01.2020,GDPR Fines - enforcementtracker/gdprhub,https://www.garanteprivacy.it/web/guest/home/docweb/-/docweb-display/docweb/9256486,Garante per la protezione dei dati personali (Italy),Italy,27802946.0,TIM S.p.A.,Complaint,2026-05-23T01:15:56.982034,gdprhub.eu,Amnesty Italia,Italia,2,"['A. Following Hundreds || Personaggi Pubblici', 'Italy || Stati e Luoghi', 'To Unsolicited || Stati e Luoghi', 'A. – Garante || Istituzioni', 'Tim S.P || Aziende e Org Private', 'GDPR || Leggi e Regolamentazioni || EU', 'AMI || Tecnologie || IA', 'ICO || Istituzioni || Regno Unito']",NEUTRALE,"['authority', 'complaints', 'the', 'of', 'purpose']",Non classificato,0.0,-1,True
f692fd6715e2bf623b871113baf928b373fee660acb690f129b7d6749d5089af,c10edc01f317b2dc19f0cbe46a6698bb9eb05ba94a581fb3afff2626a7556d15,[Spain] Regional Government of Andalucía (Departement of Education) – AEPD (Spain),"[Spain] Regional Government of Andalucía (Departement of Education) – AEPD (Spain). Articoli: Article 5(1)(c) GDPR. Tipo: Complaint. Sommario: 3 February 2020, the Regional Government of Andalucía was subject to a reprimand for disclosing and publishing personal data of the candidates who participated in a selective concours for the incorporation of High School teachers. The data controller, in this case the public administration, breached Articles 5(1)(c) and 5(1)(f) GDPR. ==English Summary== ===Facts=== The AEPD examined a complaint submitted by an anonymous citizen against the Regional Government of Andalucía (Department of E",03.02.2020,GDPR Fines - enforcementtracker/gdprhub,https://www.aepd.es/es/documento/ps-00374-2018.pdf,AEPD (Spain),Spain,,Regional Government of Andalucía (Departement of Education),Complaint,2026-05-23T01:15:57.826032,gdprhub.eu,Amnesty Italia,Italia,2,"['Spain || Stati e Luoghi', 'Article || Personaggi Pubblici', 'Reprimand For Disclosing And || Aziende e Org Private', 'Department Of E || Aziende e Org Private', 'GDPR || Leggi e Regolamentazioni || EU', 'AMI || Tecnologie || IA', 'ICO || Istituzioni || Regno Unito', 'AEPD || Istituzioni || Spagna']",NEUTRALE,"['of', 'the', 'spain', 'aepd', 'who']",Non classificato,0.0,-1,True
dd0d6ac8d03933de4955184b7a4b8fc5dddf8bbed15a1aa354439c5b60ac217f,863ec365f9ea07e9f7ec4e9ac0a177b436c45889c237f2cc16d5c95cbed95d1c,[Italy] Istat – Garante per la protezione dei dati personali (Italy),"[Italy] Istat – Garante per la protezione dei dati personali (Italy). Articoli: . Tipo: . Sommario: With the provision No. 10 of 23 january 2020, the Italian Data Protection Authority assessed Istat's request for authorization to process data, pursuant to article 2-quinquiesdecies of the Privacy Code (Legislative Decree 196/2003). ==English Summary== ===Facts=== With the provision No. 10 of 23 january 2020, the Italian Data Protection Authority assessed Istat's request for authorization to process data, pursuant to article 2-quinquiesdecies of the Privacy Code (Legislative Decree 196/2",23.01.2020,GDPR Fines - enforcementtracker/gdprhub,https://www.garanteprivacy.it/web/guest/home/docweb/-/docweb-display/docweb/9261093,Garante per la protezione dei dati personali (Italy),Italy,,Istat,,2026-05-23T01:15:58.682856,gdprhub.eu,Access Now,Italia,2,"['Italy || Stati e Luoghi', 'ICO || Istituzioni || Regno Unito']",NEUTRALE,"['no', 'authority', 'protection', 'process', 'privacy']",Non classificato,0.0,-1,True
889ff4ff089001d0391e40cc2b2567be15dc4442bcbbbf86c5f073dcde3d0fca,237d8eac6d09006f1cba058a2570562f1aa1495727e6fb78bfcc3975933ed841,[Spain] Partido Socialista Obrero Español – AEPD (Spain),[Spain] Partido Socialista Obrero Español – AEPD (Spain). Articoli: Article 21(1) GDPR. Tipo: Complaint. Sommario: <!--Here the main article starts--> The claimant filed a complaint with the AEPD against the political party Partido Socialista Obrero Español (PSOE) for failing respect his right to object to the processing of information as they sent him political advertisement by email. ==English Summary== ===Facts=== The electoral roll list was sent to political parties. The lists were updated up until a deadline. Persons who had objected to being on the lists within the deadline were removed from the,14. 2. 2020,GDPR Fines - enforcementtracker/gdprhub,https://www.aepd.es/es/documento/ps-00337-2019.pdf,AEPD (Spain),Spain,,Partido Socialista Obrero Español,Complaint,2026-05-23T01:15:59.468083,gdprhub.eu,Amnesty Italia,Italia,2,"['Spain || Stati e Luoghi', 'Psoe || Aziende e Org Private', 'Article || Personaggi Pubblici', 'Partido Socialista Obrero Español || Aziende e Org Private', 'GDPR || Leggi e Regolamentazioni || EU', 'ICO || Istituzioni || Regno Unito', 'AEPD || Istituzioni || Spagna']",NEUTRALE,"['political', 'the', 'were', 'sent', 'to']",Non classificato,0.0,-1,True
cafe4f7975bf3cddcaa4c225e04570e355305db86c2313e27ac859498e2345f3,338a71d19d21f332d9f2629bd0021e3571e77288503fba76f91c7d413336b03a,[Spain] Telefónica – AEPD (Spain),"[Spain] Telefónica – AEPD (Spain). Articoli: Article 32 GDPR. Tipo: Investigation. Sommario: <!--Here the main article starts--> The Spanish Data Protection Agency (AEPD) decided not to take further actions on Telefónica as data controller for a possible personal data breach affecting confidentiality, as per Article 32 GDPR. ==English Summary== ===Facts=== The decision is the consequence of the notification of a possible personal data breach submitted by Telefónica (data controller) stating that some documentation (backup records) to be kept by an external security company locate",5. 2. 2020,GDPR Fines - enforcementtracker/gdprhub,https://www.aepd.es/es/documento/e-06179-2019.pdf,AEPD (Spain),Spain,,Telefónica,Investigation,2026-05-23T01:16:00.268768,gdprhub.eu,AI Forensics,Italia,2,"['Spain || Stati e Luoghi', 'Telefónica || Aziende e Org Private', 'GDPR || Leggi e Regolamentazioni || EU', 'ICO || Istituzioni || Regno Unito', 'AEPD || Istituzioni || Spagna']",NEUTRALE,"['breach', '32', 'data', 'as', 'the']",Non classificato,0.0,-1,True
64bab13a9bb2f0d53b3d5cfa1c5fb44039e8c9c6a4514e3404c65950d8ef1f16,e0a37cdcf9c1a4c40cfee922ad64a8521f61d2853bb85d167bcd4053f6429b03,"[Spain] Google LLC (Google Spain, S.L.) – AEPD (Spain)","[Spain] Google LLC (Google Spain, S.L.) – AEPD (Spain). Articoli: Article 17 GDPR. Tipo: Investigation. Sommario: <!--Here the main article starts--> The Spanish Data Protection Agency (AEPD) decided not to take further actions on Google, LLC (Google Spain, S.L.) and Facebook Spain, S.L. as data controllers for the non-compliance with the right to be forgotten of a Spanish citizen, as per Article 17 GDPR. ==English Summary== ===Facts=== The decision is the consequence of a complaint submitted by a Spanish citizen stating that both data controllers included some links and publications related to a crim",5. 2. 2020,GDPR Fines - enforcementtracker/gdprhub,https://www.aepd.es/es/documento/e-00378-2020.pdf,AEPD (Spain),Spain,,"Google LLC (Google Spain, S.L.)",Investigation,2026-05-23T01:16:01.072415,gdprhub.eu,Amnesty Italia,Italia,2,"['Spain || Stati e Luoghi', 'GDPR || Leggi e Regolamentazioni || EU', 'ICO || Istituzioni || Regno Unito', 'AEPD || Istituzioni || Spagna']",NEUTRALE,"['google', 'spain', 'spanish', '17', 'the']",Non classificato,0.0,-1,True
f5427a9eead3187d1c7763414cd1ea8b8f95f740785c2188f2cf8b24ef92b5bd,c706686dd15e53fd10e6e37b555f8a4699b65bd0e84616620534d0fdf978e4e2,[Belgium] Anonymous – APD/GBA (Belgium),"[Belgium] Anonymous – APD/GBA (Belgium). Articoli: Article 12 GDPR. Tipo: Complaint. Sommario: <!--Here the main article starts--> The Belgian DPA (APD/GBA) reaffirms the importance of the data subjects’ rights, especially when the data processing involves special categories of personal data as understood by Article 9 GDPR. ==English Summary== ===Facts=== The plaintiff had used the defendant’s services, a nonprofit organization, for medical care. Afterwards, she received a communication from that same organization, informing her of the enrolment of its managing director on a regiona",17. 12. 2019,GDPR Fines - enforcementtracker/gdprhub,https://autoriteprotectiondonnees.be/publications/decision-quant-au-fond-n-13-2019.pdf,APD/GBA (Belgium),Belgium,2000.0,Anonymous,Complaint,2026-05-23T01:16:01.765971,gdprhub.eu,AI Forensics,Italia,2,"['Regiona || Stati e Luoghi', 'Afterwards || Aziende e Org Private', 'Belgium || Stati e Luoghi', 'The Belgian || Aziende e Org Private', 'GDPR || Leggi e Regolamentazioni || EU', 'ICO || Istituzioni || Regno Unito']",NEUTRALE,"['the', 'apd', 'belgium', 'gba', 'of']",Non classificato,0.0,-1,True
38186000bce93360204e85d06cf1af62f96d884d77a2a348c6446391e96f7bc5,c0ed4cc8be0e547c2f330dd4de2bd5efdb6dff2997fae020de62766fce83515d,[Spain] PEPEMOBILE. S.L. – AEPD (Spain),"[Spain] PEPEMOBILE. S.L. – AEPD (Spain). Articoli: Article 17 GDPR. Tipo: Investigation. Sommario: <!--Here the main article starts--> The AEPD received a complaint from a citizen who tried to exercise the right to erasure pursuant to Article 17 GDPR. The controller did not respond to the request. As such, the AEDP notified the controller of responding within ten business days with either a confirmation of the data being deleted or a reasoning for not deleting the data. ==English Summary== ===Facts=== The complainant filed a request with PEPEMOBILE. SL for the deletion of their data th",4. 2. 2020,GDPR Fines - enforcementtracker/gdprhub,https://www.aepd.es/es/documento/td-00306-2019.pdf,AEPD (Spain),Spain,,PEPEMOBILE. S.L.,Investigation,2026-05-23T01:16:02.581199,gdprhub.eu,Amnesty Italia,Italia,2,"['Spain || Stati e Luoghi', 'Aedp || Aziende e Org Private', 'GDPR || Leggi e Regolamentazioni || EU', 'ICO || Istituzioni || Regno Unito', 'AEPD || Istituzioni || Spagna']",NEUTRALE,"['the', '17', 'request', 'to', 'controller']",Non classificato,0.0,-1,True
