id_univoco,fonte,data_pubblicazione,data_scraping,titolo,url,tipo_contenuto,lingua,testo_completo,hash_contenuto,ong_collegata,Ambito_Geografico,livello_allarme,Sentiment_Direzione,Parole_Chiave,topic_label,confidence,cluster_id,is_primary,Entita_Coinvolte
c523e8cad3eb9ef1d39859794f1d9430209003f67f20b2300518598338b9183b,gpdp,2026-05-23,2026-05-23T08:11:58.580089,FORMAZIONE - Applicazione OLIVIA: 15 corsi gratuiti sul Gdpr e test di controllo per verificare la conformità alla disciplina sulla privacy,https://www.garanteprivacy.it/home/docweb/-/docweb-display/docweb/10090688,provvedimento,it,"PMI, con Olivia 15 corsi gratuiti sul Gdpr e test di controllo
Il tool consente a titolari e responsabili del trattamento di verificare la conformità alla disciplina sulla privacy Final event in ARC2 project for SMEs: Meet Olivia, your GDPR compliance assistant - 28 ottobre 2024 PER ACCEDERE A OLIVIA: https://olivia-gdpr-arc.eu/italian/it La protezione dati alla portata di tutti, attraverso lezioni testuali, seminari in video e questionari per verificare le competenze acquisite. Si tratta di Olivia, il tool virtuale gratuito, realizzato nell’ambito del progetto europeo ARC II di cui è partner il Garante privacy. Olivia (“general data protection regulation on Virtual Assistant”) è stato pensato per offrire un’occasione di formazione per le piccole e medie imprese e accompagnarle nel loro adeguamento al Regolamento europeo sulla protezione dei dati (Gdpr). Ma può rappresentare un utile strumento di conoscenza per tutti i titolari e responsabili del trattamento anche del settore pubblico. La piattaforma presenta infatti una serie di moduli di apprendimento, che vanno dalle nozioni di base sul GDPR ai principi e alle basi giuridiche del trattamento dei dati, fino alle condizioni per l’utilizzo dei cookie o dei sistemi di videosorveglianza sul luogo di lavoro. Ma soprattutto il tool, elaborando risposte ai questionari messi a disposizione, consente alle aziende di verificare la conformità alla disciplina sulla privacy. Particolare utilità rivestono al tal proposito i modelli di documentazione proposti da Olivia a proposito di valutazione d’impatto sulla protezione dati (Dpia) e di valutazione del legittimo interesse, che rappresenta la base giuridica più complessa – soprattutto per una PMI – su cui fondare un trattamento, dal momento che richiede di dimostrare la prevalenza degli interessi dell'organizzazione sui diritti degli interessati. Olivia è completamente gratuito e disponibile in italiano, inglese e croato. Gli utenti registrati troveranno sulla piattaforma le registrazioni video dei 10 seminari realizzati da remoto realizzati nell’ambito di ARC II e tutte le presentazioni effettuate dai relatori. Progetto ARC 2 - Indagine per la valutazione dell’applicazione Olivia L'obiettivo di questa indagine anonima è quello di comprendere meglio le esigenze delle micro, piccole e medie imprese e, sulla base di queste, migliorare l’applicazione Olivia, sviluppata dal Garante per la protezione dei dati personali, nell’ambito del Progetto ARC 2, per supportare e guidare le imprese nell’attività di conformità alla normativa in materia di protezione dei dati personali. PER PARTECIPARE ALL'INDAGINE PER LA VALUTAZIONE DELL'APPLICAZIONE OLIVIA: https://ec.europa.eu/eusurvey/runner/GDPR-web-tool-Olivia - Progetto ARC II: il 9 aprile a Roma una Conferenza Internazionale sulla privacy dedicata alle PMI (29 marzo 2024) - Progetto ARC II: 20 seminari gratuiti sulla protezione dei dati personali dedicati principalmente alle piccole e medie imprese (13 ottobre 2023) Il progetto europeo ARC II si prefigge di incrementare la conoscenza e la comprensione da parte delle PMI dei loro obblighi derivanti dal GDPR e dal quadro giuridico italiano e croato in materia di protezione dei dati personali. Il progetto porterà alla creazione di uno strumento digitale per la conformità al GDPR che sarà sviluppato in formato open source, in modo che tutte le autorità di protezione dei dati possano adattarlo alla propria legislazione e lingua nazionale, in modo che le PMI di tutta l'UE possano usufruirne. Autorità di protezione dati della Croazia (AZOP - coordinatore), Garante per la protezione dei dati personali (GPDP - Italia), Università degli studi di Firenze, Università di Zagabria (Dipartimento di Informatica), Università di Bruxelles (VRIJE). OBIETTIVI DEL PROGETTO Il progetto ARC II si prefigge di: - sviluppare uno strumento digitale open source denominato Olivia, liberamente accessibile, interoperabile e innovativo, adattato alle esigenze specifiche delle PMI; - condurre 20 workshop sul GDPR in Croazia e 20 in Italia durante i quali le PMI potranno ricevere supporto diretto per risolvere i loro problemi specifici relativi alla conformità al GDPR; - condurre una campagna di sensibilizzazione sui media croati e italiani; creare materiali didattici e video; - organizzare 2 workshop di verifica e 2 conferenze internazionali per diffondere i risultati del progetto; - promuovere lo strumento digitale Olivia e incoraggiare le PMI a utilizzarlo, oltre a sensibilizzare il pubblico in generale sulla protezione dei dati personali. Il sito web del progetto ARC II: https://arc-rec-project.eu/arc/ Segui i consigli del progetto ARC II ""Alla scoperta del GDPR"" sui canali social del Garante. Ogni venerdì su: - Riunione di avvio del progetto ARC II - 12 ottobre 2022 - Parita’ di genere: dal Garante privacy un aiuto alle PMI Online il questionario dedicato a raccogliere i bisogni delle piccole e medie imprese",c523e8cad3eb9ef1d39859794f1d9430209003f67f20b2300518598338b9183b,AI Forensics,Europa,2,POSITIVO (Diritti tutelati),"['di', 'olivia', 'arc', 'progetto', 'per']",Non classificato,0.0,-1.0,True,"['Indagine || Aziende e Org Private', 'Dipartimento Di Informatica || Aziende e Org Private', ""Olivia L' || Personaggi Pubblici"", 'Olivia || Stati e Luoghi', 'Università Di Bruxelles || Istituzioni', 'Azop || Aziende e Org Private', 'Dpia || Aziende e Org Private', 'Università Degli Studi Di Firenze || Istituzioni', 'Università Di Zagabria || Istituzioni', 'Accedere || Aziende e Org Private', 'Croazia || Stati e Luoghi', 'GDPR || Leggi e Regolamentazioni || EU', 'GPDP || Istituzioni || Italia', 'ICO || Istituzioni || Regno Unito']"
ec00e273133b6ef5adabe668f38c58d17847d4174fed7362c2c37f9624bf0b62,gpdp,2026-05-23,2026-05-23T08:11:58.915807,"VADEMECUM - ""LA SCUOLA A PROVA DI PRIVACY"". Online la versione aggiornata",https://www.garanteprivacy.it/home/docweb/-/docweb-display/docweb/10197183,provvedimento,it,"Consulta le risposte alle domande più frequenti in tema di Scuola e protezione dei dati personali Vademecum
""La scuola a prova di privacy"" Dall’introduzione dell’Intelligenza Artificiale nelle Istituzioni scolastiche alle chat di classe, dalla pubblicazione dei dati personali online all’uso degli smartphone in classe, dalle iscrizioni scolastiche alle graduatorie dei docenti e del personale scolastico. È online la versione aggiornata del vademecum “La scuola a prova di privacy” che affronta le tematiche connesse al trattamento dei dati personali nelle istituzioni scolastiche, anche alla luce dei nuovi strumenti di intelligenza artificiale. L’obiettivo è quello di offrire alle istituzioni scolastiche, alle famiglie, agli studenti e ai docenti un agile strumento per assicurare la più ampia protezione dei dati delle persone che crescono, studiano e lavorano nel mondo scolastico. Il Garante raccomanda, in particolare, a genitori, studenti, componenti delle chat di classe il rispetto della normativa in materia di protezione dei dati personali evitando di divulgare notizie, foto e video senza il consenso dei ragazzi o delle persone coinvolte. Sarebbe inoltre opportuno che le scuole limitassero l’utilizzo delle chat per comunicazioni ufficiali privilegiando altri strumenti (ad es. registro elettronico). Con il parere del Garante, poi, il Ministero dell’Istruzione ha pubblicato le prime Linee guida per un uso sicuro dell’IA nelle scuole. Le indicazioni vietano pratiche invasive come il riconoscimento delle emozioni e raccomandano di usare dati personali solo se indispensabili, preferendo dati sintetici. - A PROPOSITO DI PRIVACY - IL PODCAST DEL GARANTE
Ep. 4 - La scuola a prova di privacy - FIERA DIDACTA 2023
Il Garante ha partecipato il 10 marzo 2023 a Fiera Didacta Italia, il più importante appuntamento fieristico sull’innovazione del mondo della Scuola che si terrà a Firenze, alla Fortezza da Basso, dall’8 al 10 marzo, con due iniziative. - Workshop “LA SCUOLA A PROVA DI PRIVACY: LA FIGURA DEL RESPONSABILE DELLA PROTEZIONE DEI DATI (RPD / DPO)” dedicato agli RPD/DPO di tutte le scuole di ordine e grado, analizzerà il ruolo del Responsabile della protezione dei dati personali in ambito scolastico e la funzione e i compiti che è chiamato a svolgere. - https://fieradidacta.indire.it/eventi_2023/la-scuola-a-prova-di-privacy-la-figura-del-responsabile-della-protezione-dei-dati-rpd-dpo/ - La figura del responsabile della protezione dei dati - Matteo Timiani - Il trattamento dei dati relativi alla salute degli alunni - Laura Di Angelo - Seminario “LA SCUOLA A PROVA DI PRIVACY: ISTRUZIONI PER L’USO”, dedicato agli insegnanti e ai dirigenti scolastici, si focalizzerà invece sulle problematiche in materia di dati personali nell’attività scolastica, nel rapporto tra docenti e tra docenti e studenti oltre ad affrontare i temi legati alla tutela della privacy dei più giovani. - https://fieradidacta.indire.it/eventi_2023/la-scuola-a-prova-di-privacy-istruzioni-per-luso/ - La Scuola a prova di privacy - Claudio Filippi - La tutela delle persone e dei dati nel contesto scolastico - Elena Pesaresi - Garante per la protezione dei dati personali
Memoria del Presidente del Garante per la protezione dei dati personali, Pasquale Stanzione - Commissione 7a e 12a riunite del Senato della Repubblica  - Affare assegnato n. 621 (impatto della didattica digitale integrata (DDI) sui processi di apprendimento e sul benessere psicofisico degli studenti) - 27 aprile 2021 - Garante per la protezione dei dati personali
Registro elettronico: lettera del Presidente del Garante per la protezione dei dati personali, Antonello Soro, al Ministro dell’istruzione, Lucia Azzolina 
(4 maggio 2020) - Garante per la protezione dei dati personali
Didattica a distanza: prime indicazioni 
(26 marzo 2020) - Garante per la protezione dei dati personali
Diffusione di dati personali riferiti agli studenti nell’ambito del c.d. ""documento del 15 maggio"" ai sensi dell’art. 5, comma 2, del d.P.R. 23 luglio 1998, n. 323 - Indicazioni operative 
(21 marzo 2017) - Consiglio d'Europa
Protect children’s personal data in education setting 
(20 novembre 2020) Il settore scolastico si avvale sempre di più di strumenti digitali, anche ai fini della didattica a distanza, che offrono opportunità importanti per l’istruzione ma che devono essere accompagnati da una reale consapevolezza, da parte di tutti gli attori coinvolti, riguardo ai rischi per la vita privata dei minori. Nella sua 40a riunione plenaria, il 18-20 novembre 2020, il Comitato Consultivo della Convenzione 108 ha adottato le Linee guida sulla protezione dei dati dei minori nei contesti educativi. Queste linee guida si rivolgono ai legislatori, alle scuole e all'industria affinché anche in un settore delicato come quello scolastico siano garantiti i diritti fondamentali dei minori, compreso il diritto al libero sviluppo della personalità. - 40a Conferenza internazionale degli incaricati della protezione dei dati, Bruxelles 2018
Resolution on E-Learning Platforms
(ottobre 2018) - 38a Conferenza internazionale degli incaricati della protezione dei dati, Marrakesh, 2016
Resolutionfor the Adoption of an International Competency Framework on Privacy Education
(ottobre 2016) - 38a Conferenza internazionale degli incaricati della protezione dei dati, Marrakesh, 2016
International Competency Framework on Privacy Education
(ottobre 2016) Banche, credito, finanza AI - Intelligenza artificiale Internet e nuove tecnologie Istruzione e formazione Marketing e comunicazioni indesiderate Pubblica amministrazione e trasparenza Sanità e Ricerca scientifica GDPR - Regolamento 2016/679",ec00e273133b6ef5adabe668f38c58d17847d4174fed7362c2c37f9624bf0b62,AI Forensics,USA / Internazionale,2,POSITIVO (Diritti tutelati),"['dei', 'di', 'dati', 'la', 'prova']",Non classificato,0.0,-1.0,True,"['Antonello Soro || Personaggi Pubblici', ""Consiglio D'Europa Protect Children’S Personal || Istituzioni"", 'Senato Della Repubblica - Affare || Aziende e Org Private', 'Fortezza || Stati e Luoghi', 'Matteo Timiani || Personaggi Pubblici', 'La Scuola || Stati e Luoghi', 'Linee || Stati e Luoghi', 'Intelligenza Artificiale || Aziende e Org Private', 'Comitato Consultivo Della Convenzione 108 || Istituzioni', 'Claudio Filippi || Personaggi Pubblici', 'Marrakesh || Stati e Luoghi', 'Elena Pesaresi || Personaggi Pubblici', 'Laura Di Angelo - Seminario “La Scuola || Personaggi Pubblici', 'Scuola || Stati e Luoghi', 'Fiera || Stati e Luoghi', 'Lucia Azzolina || Personaggi Pubblici', 'Basso || Stati e Luoghi', 'Il Garante || Istituzioni', 'Firenze || Stati e Luoghi', 'Garante Ep || Istituzioni', 'AMI || Tecnologie || IA', 'ICO || Istituzioni || Regno Unito']"
aa3042d5be5d6100908d16d0c6e3b20b9bac24a94080055018f51238aac005ad,gpdp,2026-05-23,2026-05-23T08:11:59.006065,PAGINA INFORMATIVA E PROCEDURA DI SEGNALAZIONE - REVENGE PORN,https://www.garanteprivacy.it/home/docweb/-/docweb-display/docweb/9925310,provvedimento,it,"Segnalazione per prevenire il fenomeno Revenge Porn La scheda ha mere finalità divulgative e sarà aggiornata in base alle evoluzioni tecnologiche e normative Accedi al servizio di segnalazione online Il revenge porn, consiste nell’invio, consegna, cessione, pubblicazione o diffusione, da parte di chi li ha realizzati o sottratti e senza il consenso della persona cui si riferiscono, di immagini o video a contenuto sessualmente esplicito destinati a rimanere privati. Tale diffusione avviene di solito a scopo vendicativo (ad esempio per ""punire"" l’ex partner che ha deciso di porre fine ad un rapporto amoroso), per denigrare pubblicamente, ricattare, bullizzare o molestare. Si tratta quindi di una pratica che può avere effetti drammatici a livello psicologico, sociale e anche materiale sulla vita delle persone che ne sono vittime. E’ molto importante riflettere su come prevenire e difendersi da questo tipo di fenomeni attraverso una corretta protezione e gestione dei nostri dati personali. Ecco quindi alcune indicazioni. PROTEGGI SEMPRE I TUOI DATI La prima e più importante forma di difesa sono sempre la consapevolezza e la prudenza. Spesso accade che i dati personali vengano immessi dagli stessi interessati nel circuito di messaggistica e social network, sfuggendo così ogni controllo e rendendone impossibile la cancellazione una volta diffusi. Per proteggere i dati personali eventualmente presenti nei tuoi dispositivi (smartphone, pc o tablet), utilizza sempre adeguate misure di sicurezza: ad esempio, password che proteggono i dispositivi e/o le cartelle in cui conservi i file, sistemi di crittografia per rendere illeggibili i file agli altri, sistemi anti-virus e anti-intrusione per i dispositivi. PROTEGGI ANCHE I DATI DEGLI ALTRI Se ricevi foto o immagini a contenuto sessualmente esplicito che riguardano altre persone, evita di essere complice di comportamenti illeciti nei confronti delle stesse: non diffonderle, cancellale e, se ritieni, fai una segnalazione alla Polizia postale (https://www.commissariatodips.it/). ATTENZIONE ANCHE AI MINORI E’ possibile che fenomeni pericolosi che riguardano la diffusione di immagini esplicitamente sessuali coinvolgano purtroppo anche i minori, come vittime o come destinatari di contenuti. Se sei un genitore, evita di far utilizzare dispositivi digitali ai tuoi figli piccoli se sono da soli, monitora il loro comportamento online e spiega con chiarezza perché è bene evitare di interagire con sconosciuti e diffondere informazioni personali, soprattutto foto e filmati, tramite messaggi e social network.
(VEDI ANCHE LA PAGINA INFORMATIVA: www.gpdp.it/minori). COSA PUOI FARE PER PREVENIRE LA DIFFUSIONE DA PARTE DI TERZI DI TUE IMMAGINI A CONTENUTO SESSUALMENTE ESPLICITO Nel caso in cui tu abbia un fondato timore che immagini a contenuto sessualmente esplicito possano essere diffuse senza il tuo consenso è possibile presentare una segnalazione al Garante ai sensi degli art. 144-bis del Codice in materia di protezione dei dati personali e 33-bis del regolamento n. 1/2019 del Garante. Per farlo è possibile utilizzare l’apposito form reso disponibile nel sito istituzionale dell’Autorità, in cui dovranno essere indicate le piattaforme di condivisione di contenuti (social network, messaggistica, ecc.) attraverso le quali si teme la diffusione, nonché le ragioni che fondano il timore che la condotta pregiudizievole possa essere posta in essere. Dovranno poi essere trasmesse all’Autorità – tramite un link che sarà comunicato dopo la presentazione della segnalazione – le immagini o i contenuti sessualmente espliciti dalla cui divulgazione ci si intenda tutelare. Il Garante, in presenza dei presupposti indicati dalle norme di riferimento, adotterà un provvedimento, che sarà notificato alle piattaforme coinvolte nel tentativo di contrastare la temuta diffusione. Questo strumento può essere utilizzato non solo dagli adulti, ma anche dai minori. Si ricorda che alla tutela che accorda il Garante può sempre aggiungersi quella prestata dalla Polizia Postale (https://www.commissariatodips.it/), alla quale è possibile rivolgersi per denunciare situazioni in cui siano ravvisabili gli estremi di una condotta penalmente rilevante (come nel caso in cui si subiscano minacce o richieste estorsive). Come già ricordato, il più importante accorgimento è tenere alto il livello di prudenza nel condividere materiale a contenuto sessualmente esplicito, in quanto l’intervento del Garante non è in grado di assicurare, in termini assoluti, che l’evento temuto non si verificherà: la persona malintenzionata, ad esempio, potrebbe detenere immagini anche solo parzialmente diverse da quelle comunicate alla piattaforma vanificando così la misura adottata. Segnalazione per prevenire il fenomeno Revenge Porn Accedi al servizio di segnalazione online DECRETO LEGISLATIVO 30 giugno 2003, n.196 recante il
""Codice in materia di protezione dei dati personali""
(Come modificato dal decreto-legge 8 ottobre 2021, n. 139, convertito, con modificazioni, dalla legge 3 dicembre 2021, n. 205, recante disposizioni urgenti per l'accesso alle attività culturali, sportive e ricreative, nonché per l'organizzazione di pubbliche amministrazioni e in materia di protezione dei dati personali) Art. 144-bis (Revenge porn) 1. Chiunque, compresi i minori ultraquattordicenni, abbia fondato motivo di ritenere che registrazioni audio, immagini o video o altri documenti informatici a contenuto sessualmente esplicito che lo riguardano, destinati a rimanere privati, possano essere oggetto di invio, consegna, cessione, pubblicazione o diffusione attraverso piattaforme digitali senza il suo consenso ha facolta' di segnalare il pericolo al Garante, il quale, nelle quarantotto ore dal ricevimento della segnalazione, decide ai sensi degli articoli 143 e 144 del presente codice. 2. Quando le registrazioni audio, le immagini o i video o gli altri documenti informatici riguardano minori, la segnalazione al Garante puo' essere effettuata anche dai genitori o dagli esercenti la responsabilita' genitoriale o la tutela. 3. Per le finalita' di cui al comma 1, l'invio al Garante di registrazioni audio, immagini o video o altri documenti informatici a contenuto sessualmente esplicito riguardanti soggetti terzi, effettuato dall'interessato, non integra il reato di cui all'articolo 612-ter del codice penale. 4. I gestori delle piattaforme digitali destinatari dei provvedimenti di cui al comma 1 conservano il materiale oggetto della segnalazione, a soli fini probatori e con misure indicate dal Garante, anche nell'ambito dei medesimi provvedimenti, idonee a impedire la diretta identificabilita' degli interessati, per dodici mesi a decorrere dal ricevimento del provvedimento stesso. 5. Il Garante, con proprio provvedimento, puo' disciplinare specifiche modalita' di svolgimento dei procedimenti di cui al comma 1 e le misure per impedire la diretta identificabilita' degli interessati di cui al medesimo comma. 6. I fornitori di servizi di condivisione di contenuti audiovisivi, ovunque stabiliti, che erogano servizi accessibili in Italia, indicano senza ritardo al Garante o pubblicano nel proprio sito internet un recapito al quale possono essere comunicati I provvedimenti adottati ai sensi del comma 1. In caso di inadempimento dell'obbligo di cui al periodo precedente, il Garante diffida il fornitore del servizio ad adempiere entro trenta giorni. In caso di inottemperanza alla diffida si applica la sanzione amministrativa pecuniaria di cui all'articolo 83, paragrafo 4, del Regolamento. 7. Quando il Garante, a seguito della segnalazione di cui al comma 1, acquisisce notizia della consumazione del reato di cui all'articolo 612-ter del codice penale, anche in forma tentata, nel caso di procedibilita' d'ufficio trasmette al pubblico ministero la segnalazione ricevuta e la documentazione acquisita. REGOLAMENTO DEL GARANTE 1/2019 Art. 33-bis – Revenge porn 1. Le segnalazioni di cui all’art. 144-bis del Codice, corredate delle registrazioni audio, immagini o video o altri documenti informatici a contenuto sessualmente esplicito, a sostegno delle stesse, sono presentate al Garante esclusivamente attraverso il modello, compilabile on-line, pubblicato nell’apposita sezione del sito web istituzionale. Il modello è approvato con determinazione del Segretario generale. 2. Il dipartimento, servizio o altra unità organizzativa competente, verificata la compatibilità della richiesta alla previsione di cui all’art. 144-bis del Codice, entro 48 ore dal ricevimento della segnalazione, salva l’esigenza di acquisire un’integrazione delle informazioni fornite dal segnalante ai fini della predetta verifica, predispone il provvedimento volto ad impedire l’eventuale diffusione del materiale oggetto di segnalazione. Il provvedimento è adottato in via d’urgenza dal dirigente della medesima unità organizzativa e sottoposto a ratifica nella prima adunanza utile del Garante. In caso di mancata ratifica, il provvedimento decade. 3. Il provvedimento di cui al comma precedente è trasmesso ai gestori delle piattaforme digitali, corredato del materiale oggetto di segnalazione o dalla relativa impronta hash. 4. Nei casi in cui la segnalazione non soddisfi i requisiti richiesti dall’art. 144-bis del, Codice e dalla presente disposizione, il dipartimento, servizio o altra unità organizzativa competente procede nei modi di cui all’art. 8, comma 2, o, laddove ciò non risulti possibile, archivia la pratica fornendone tempestiva informazione all’interessato. Banche, credito, finanza AI - Intelligenza artificiale Internet e nuove tecnologie Istruzione e formazione Marketing e comunicazioni indesiderate Pubblica amministrazione e trasparenza Sanità e Ricerca scientifica GDPR - Regolamento 2016/679",aa3042d5be5d6100908d16d0c6e3b20b9bac24a94080055018f51238aac005ad,AI Forensics,Italia,2,POSITIVO (Diritti tutelati),"['di', 'segnalazione', 'cui', 'il', 'immagini']",Non classificato,0.0,-1.0,True,"['Anche || Aziende e Org Private', 'Polizia Postale || Istituzioni', 'AMI || Tecnologie || IA', 'GPDP || Istituzioni || Italia', 'ICO || Istituzioni || Regno Unito']"
e0c736bb09d77ec379ebb161e57650a582a7fc2365f0f5ada25b98189d2ae0dc,gpdp,2026-05-23,2026-05-23T08:11:59.230414,PAGINA INFORMATIVA E PROCEDURA DI SEGNALAZIONE - CYBERBULLISMO,https://www.garanteprivacy.it/home/docweb/-/docweb-display/docweb/9693151,provvedimento,it,"Con il termine cyberbullismo si intende qualunque forma di pressione, aggressione, molestia, ricatto, ingiuria, denigrazione, diffamazione, furto d'identità, alterazione, acquisizione illecita, manipolazione, trattamento illecito di dati personali realizzati, per via telematica, a danno di minori, nonché la diffusione di contenuti on line riguardanti uno o più componenti della famiglia di un minore con lo scopo di isolarlo, attaccarlo o metterlo in ridicolo. Per far cancellare i contenuti che rappresentano forme di cyberbullismo si può fare richiesta al titolare del trattamento o al gestore del sito internet o del social media dove sono pubblicati. E nel caso la richiesta non venga soddisfatta, ci si può rivolgere al Garante. GUARDA IL VIDEO INFORMATIVO - Versione Televisiva da 30"" - Versione web da 60"" ASCOLTA LA VERSIONE RADIOFONICA DELLA CAMPAGNA INFORMATIVA per la segnalazione/reclamo in materia di cyberbullismo da inviare a: cyberbullismo@gpdp.it LEGGI LA SCHEDA INFORMATIVA Tutele per i minori vittime di cyberbullismo
su social network e web Cyberbullismo: come difendersi - Senato della Repubblica. Commissione straordinaria intolleranza, razzismo, antisemitismo, istigazione all’odio e alla violenza - Audizione del Vice Presidente del Garante per la protezione dei dati personali, prof.ssa Ginevra Cerrina Feroni, sul fenomeno dei discorsi d'odio Protocolli d'intesa in materia di prevenzione e contrasto del fenomeno del cyberbullismo - Co.Re.Com. Piemonte Banche, credito, finanza AI - Intelligenza artificiale Internet e nuove tecnologie Istruzione e formazione Marketing e comunicazioni indesiderate Pubblica amministrazione e trasparenza Sanità e Ricerca scientifica GDPR - Regolamento 2016/679",e0c736bb09d77ec379ebb161e57650a582a7fc2365f0f5ada25b98189d2ae0dc,Amnesty Italia,Italia,2,NEUTRALE,"['di', 'del', 'la', 'per', 'da']",Non classificato,0.0,-1.0,True,"['Vice Presidente Del Garante || Istituzioni', 'Ginevra Cerrina Feroni || Personaggi Pubblici', 'Marketing || Aziende e Org Private', 'Istruzione || Aziende e Org Private', 'Piemonte Banche || Stati e Luoghi', 'Sanità || Aziende e Org Private', 'Senato Della Repubblica || Aziende e Org Private', 'GDPR || Leggi e Regolamentazioni || EU', 'AMI || Tecnologie || IA', 'GPDP || Istituzioni || Italia', 'ICO || Istituzioni || Regno Unito']"
f327feac82b90fee2f83b842ef741d375afd5693eaba0c6d6fa9315da91a0496,gpdp,2026-05-23,2026-05-23T08:12:00.346696,AUDIZIONE del Presidente del Garante sul nuovo testo adottato dalla Commissione 8a del Senato per il disegno di legge n. 1136 (Tutela dei minori nella dimensione digitale),https://www.garanteprivacy.it/home/docweb/-/docweb-display/docweb/10176218,provvedimento,it,"Audizione del Presidente del Garante per la protezione dei dati personali, Pasquale Stanzione
sul nuovo testo adottato dalla Commissione 8a del Senato per il disegno di legge n. 1136 (Tutela dei minori nella dimensione digitale) Senato della Repubblica - 8a Commissione
(7 ottobre 2025) - IL VIDEO DELL'AUDIZIONE Ringrazio la Commissione per l’invito al confronto su questo procedimento legislativo, nel cui ambito avevamo avuto già modo di interloquire. Il nuovo testo adottato come testo base suggerisce, tuttavia, un nuovo confronto in ragione delle modifiche, certamente significative, apportate. In primo luogo, con l’intento di promuovere, evidentemente, un uso più consapevole del web fondato su una maggiore capacità di discernimento, il nuovo testo consente l’attivazione di account su social e piattaforme di condivisione video solo agli ultraquindicenni (art.2, con la previsione della disciplina transitoria all’art.3, c.1). Ne deriva, coerentemente, l’illiceità (per nullità del relativo presupposto legittimante) del trattamento dei dati personali connesso all’attivazione di account agli infraquindicenni (art.3, c.2). La competenza all’accertamento delle violazioni di tali norme è attribuita al Garante. Sul punto, è certamente opportuna la precisazione – all’art. 3, c.3,- della subordinazione del potere sanzionatorio del Garante italiano alla ricorrenza dei presupposti oggettivi di cui all’art. 56, p.2 del Regolamento generale sulla protezione dei dati personali, UE 2016/679 (infra: Gdpr), tali da radicare, appunto, la competenza territoriale dell’Autorità italiana rispetto a quella delle Autorità di altri Paesi, a fronte di un trattamento di dati potenzialmente transfrontaliero. Analogamente, è opportuno il richiamo delle norme di cui agli artt. 58, p.2 e 83 del Gdpr quali norme attributive del potere e, al contempo, norme-parametro per l’esercizio dei poteri sanzionatori del Garante. Benché, naturalmente, il potere del Garante, da qualunque norma interna attribuito, debba comunque esercitarsi nel rispetto dei presupposti, dei limiti e delle condizioni previste dal Gdpr, quest’ulteriore precisazione fuga ogni possibile dubbio interpretativo e contribuisce a garantire maggiore certezza normativa. In ragione dell’attribuzione al Garante di tale competenza sanzionatoria si potrebbe, allora, riflettere sull’opportunità di demandargli anche l’attività di monitoraggio di cui al comma 4 del medesimo art.3, integrandola con l’analisi degli illeciti accertati. Parallelamente, sarebbe opportuno prevedere il coinvolgimento del Garante nella definizione delle linee guida di cui all’art.5, almeno rispetto all’esigenza di tutela del diritto alla protezione dei dati personali dei minori. In secondo luogo, il nuovo testo eleva a 16 anni la soglia di età del consenso digitale autonomamente prestato dal minore (art.4). Inoltre, la stessa disposizione limita alla sola fascia di età compresa tra i 15 e i 16 anni la possibilità di prestazione, da parte degli esercenti la potestà genitoriale, del consenso al trattamento dei dati del minorenne. Si tratta di un’innovazione particolarmente rilevante che, se non frutto di un lapsus calami, merita un’adeguata riflessione. La norma attuale, infatti, coerentemente con l’art. 8 del Gdpr, consente il trattamento dei dati personali degli infraquattordicenni relativamente ai servizi della società dell’informazione con atto dispositivo dell’esercente la potestà genitoriale. La limitazione della possibilità di prestazione del consenso genitoriale al trattamento dei dati del minore alla sola fascia compresa tra i 15 e i 16 anni rischia, in altri termini, di precludere ogni possibile trattamento di dati di minori infraquindicenni nel contesto digitale, persino se consentito dal genitore. E’ probabile che questo risultato – non del tutto in linea con l’art. 8, par.1, secondo periodo del Gdpr, che non contempla tale preclusione- sia un non voluto effetto di un lapsus calami: sarebbe opportuna una riflessione sul punto. Se, infatti, il fine perseguito dal legislatore fosse quello di consentire ai minori di età compresa tra i 15 e i 16 anni l’attivazione degli account social con, tuttavia, una supervisione dei genitori rispetto al trattamento dei dati personali fondato sul consenso, andrebbe comunque salvaguardata la possibilità di prestazione genitoriale del consenso per il trattamento dei dati dei minori infraquattordicenni, nel più generale contesto della fruizione dei servizi della società dell’informazione. Sarebbe, infatti, comprensibile la previsione di una certa gradualità nell’accostamento autonomo alla rete da parte dei ragazzi, anche con soglie di età differenziate in ragione dei rischi potenzialmente connessi ad alcune attività on line e la supervisione genitoriale espressa dalla prestazione del consenso per conto del minore in una prima fase e per determinati contesti. Ciò che, tuttavia, appare meno comprensibile e, probabilmente, frutto di un mero disallineamento in sede emendativa è l’esclusione della possibilità di prestazione del consenso genitoriale al trattamento dei dati degli infraquattordicenni. Per quanto riguarda la soglia di età per il consenso digitale, con tutti i limiti delle presunzioni legali e ferma restando la discrezionalità politica propria di quest’opzione, può essere utile ripercorrere le ragioni della scelta adottata dal legislatore interno nel 2018, in sede di adeguamento dell’ordinamento interno al Gdpr. L’art.8 legittima, infatti, gli Stati membri alla previsione della soglia di età per il “consenso digitale” nella fascia compresa tra 13 e 16 anni. Lo schema di decreto legislativo di adeguamento al Gdpr, nella versione diffusa a seguito della prima approvazione preliminare da parte del Consiglio dei Ministri, individuava in proposito quella dei quattordici anni quale soglia di età alla quale il consenso del minore al trattamento dei suoi dati personali, nel contesto della offerta diretta di servizi della società dell’informazione, dovesse ritenersi valido. In sede di redazione del testo del decreto inviato alle Camere (AG 22), il legislatore ha invece ritenuto di non avvalersi della facoltà rimessa al legislatore nazionale di individuare, ai fini della prestazione del consenso da parte del minore, un’età inferiore a quella dei sedici anni. Recependo, tuttavia, le indicazioni offerte nell’ambito dell’istruttoria legislativa sul testo, in sede di approvazione definita del decreto legislativo, il Governo ha tuttavia poi individuato nei 14 anni la soglia di età a tal fine preferibile. . In favore di tale scelta si era, infatti, ricordato - anche da parte del Garante - come quella dei 14 anni rappresenti un’età alla quale l’ordinamento italiano già riconosce al minore una sia pur parziale capacità di agire in determinati ambiti. Significativa, in tal senso, la legge sul cyberbullismo (l. n. 71 del 2017), che legittima il minore ultraquattordicenne a richiedere in nome e per conto proprio, al gestore del sito internet sul quale siano pubblicati propri dati personali pregiudizievoli, la rimozione dei contenuti lesivi. La legge riconosce anche al minore della stessa età la legittimazione ad adire il Garante per la protezione dei dati personali per ottenere la rimozione dei contenuti pregiudizievoli, in caso di inerzia o non individuabilità del titolare del trattamento. Analoga opzione avrebbe poi percorso il legislatore, nel 2021, rispetto al revenge porn, legittimando appunto i minori ultraquattordicenni alla proposizione di istanze di blocco del caricamento dei contenuti intimi (art. 144-bis dlgs 196 del 2003, introdotto dall’art. 9 d.l. 139 del 2021, conv. mod. l. 205 del 2021). Alla stessa età, peraltro, sia pur in altra branca dell’ordinamento, l’art. 97 c.p. ricollega il termine della presunzione assoluta di inimputabilità penale del minore. Per altro verso, il minore ultraquattordicenne ha diritto di prestare il proprio consenso all’adozione (art. 7, c. 2, l. n. 184 del 1983). Sarebbe parso, pertanto, incoerente ammettere il quattordicenne a prestare il proprio consenso per essere adottato, ma non per avvalersi di un social network. Si rilevava, inoltre, come fosse preferibile individuare, a tal fine, un’età quantomeno prossima e non eccessivamente superiore a quella in cui, di fatto, allora (e a fortiori oggi, dopo la pandemia) i ragazzi accedono ai social network o, comunque, ai servizi della società dell’informazione, per non rendere la norma ineffettiva perché troppo lontana dalle istanze e dalla realtà sociali. Per altro verso, la legge sull’i.a. (n. 132 del 2025), recentemente approvata, fissa nei 14 anni la soglia di età per l’accesso autonomo (e il consenso al correlato trattamento dei dati) a tecniche di i.a. Valuterà, dunque, il legislatore, anche sulla base di queste considerazioni, la soglia di età che ritenga maggiormente idonea a coniugare esigenze di tutela del minore e di riconoscimento di una sua, pur parziale, capacità di autodeterminazione in una dimensione, quale quella digitale, in cui è ormai inscritta la parte prevalente della vita degli adolescenti. Ciò che, tuttavia, è indispensabile, benché non agevole garantire – anche alla luce dell’esperienza maturata dal Garante in questi anni – è un sistema efficace di verifica dell’età dell’utente, che coniughi l’esigenza di un controllo effettivo con quella di evitare una “schedatura” massiva, tanto più di minorenni. A tal fine – per non cristallizzare in scelte legislative soluzioni tecniche, inevitabilmente mutevoli nel tempo – è opportuno demandare la disciplina di dettaglio a provvedimenti caratterizzati dalla necessaria duttilità quali appunto quelli, anche di fonte europea, cui rinvia l’art.2, c.2, . Certamente, il presupposto dell’uso consapevole del web è la promozione di un’adeguata pedagogia digitale: una formazione, cioè, completa del minore tale da consentirgli di vivere l’esperienza del digitale in maniera responsabile. In questa prospettiva, certamente condivisibile appare la previsione (art.6) di campagne di informazione e sensibilizzazione alle quali il Garante, sin d’ora, offre il proprio supporto. Mi permetto, infine, di suggerire una riflessione sull’opportunità di attribuire al Garante il potere d’inibire i servizi offerti da piattaforme, anche stabilite all’estero, che violino le norme in materia di protezione dati, ovvero di disabilitare l'accesso a contenuti diffusi in violazione della medesima disciplina. Quest’innovazione – oggetto di una specifica segnalazione che il Garante ha recentemente rivolto al Parlamento e al Governo e che è stata assegnata dal Presidente a questa Commissione e alla 2^- consentirebbe, infatti, di assicurare maggiore effettività ai poteri inibitori del Garante, a tutela anche dei minori, intervenendo sulla “sorgente” dei contenuti illeciti, prima che la catena virale delle condivisioni leda irrimediabilmente la dignità dei soggetti coinvolti. Ghiglia: “L’educazione civica digitale va insegnata dalle elementari” - Intervento di Agostino Ghiglia Internet non è un paese per bambini - Intervista a Guido Scorza - AffariItaliani.it Scorza: ""Perché abbiamo bloccato Replika, minori a rischio"" - Intervento di Guido Scorza Basta scuse: la protezione dei bambini nelle piattaforme digitali deve essere una priorità - Intervento di Guido Scorza Ghiglia (Garante privacy): “Educazione civica al digitale: per bambini e non solo” - Intervento di Agostino Ghiglia Il Safer internet day e le 3 priorità in un'agenda digitale per bambini e adolescenti - Intervento di Guido Scorza Tik Tok rinvia la pubblicità basata sul legittimo interesse. Per il Garante privacy “una decisione responsabile” Provvedimento del 7 luglio 2022 [9788429] Scorza: “Stop al business online sulla pelle dei minori” - Intervento di Guido Scorza ""La protezione dei dati non è un privilegio ma un baluardo all'ingenuità dei consumatori"" - Intervista ad Antonello Soro",f327feac82b90fee2f83b842ef741d375afd5693eaba0c6d6fa9315da91a0496,AI Forensics,USA / Internazionale,2,POSITIVO (Diritti tutelati),"['di', 'del', 'la', 'dei', 'età']",Non classificato,0.0,-1.0,True,"['Autorità Italiana || Istituzioni', 'Pasquale Stanzione || Personaggi Pubblici', 'Paesi || Stati e Luoghi', 'Senato Della Repubblica - 8A Commissione || Istituzioni', 'Tutela Dei Minori Nella Dimensione Digitale || Stati e Luoghi', 'Demandargli || Personaggi Pubblici', 'GDPR || Leggi e Regolamentazioni || EU', 'AMI || Tecnologie || IA', 'ICO || Istituzioni || Regno Unito']"
9b02b327e29a172398099b5a0a9c287e598b10f221eb92e634b9f97190bc26d7,gpdp,2026-05-23,2026-05-23T08:12:01.247714,PAGINA INFORMATIVA - SHARENTING: suggerimenti ai genitori per limitare la diffusione online di contenuti che riguardano i propri figli,https://www.garanteprivacy.it/home/docweb/-/docweb-display/docweb/9863005,provvedimento,it,"Sharenting - Suggerimenti ai genitori per limitare la diffusione online di contenuti che riguardano i propri figli Con il termine “sharenting” si intende il fenomeno della condivisione online costante da parte dei genitori di contenuti che riguardano i propri figli/e (foto, video, ecografie). Il neologismo, coniato negli Stati Uniti, deriva dalle parole inglesi “share” (condividere) e “parenting” (genitorialità). La gioia di un momento da condividere, pubblicando l'immagine dei propri figli, è un'emozione comprensibile, ma allo stesso tempo è necessario chiedersi se ci sono rischi nell’eccessiva sovraesposizione online. Lo sharenting è un fenomeno da tempo all’attenzione del Garante, soprattutto per i rischi che comporta sull’identità digitale del minore e quindi sulla corretta formazione della sua personalità. La diffusione non condivisa di immagini rischia inoltre di creare tensioni anche importanti nel rapporto tra genitori e figli. È dunque necessario che i “grandi” siano consapevoli dei pregiudizi cui sottopongono i minori con l’esposizione in rete (tendenzialmente per sempre) delle loro foto, anche in termini di utilizzo di immagini a fini pedopornografici, ritorsivi o comunque impropri da parte di terzi. Per tale motivo l’Autorità ha proposto di estendere a questi casi la particolare tutela assicurata dal Garante sul terreno del cyberbullismo. E’ bene riflettere sul fatto che postare foto e video della vita dei minori, magari accompagnati da informazioni come l'indicazione del nome, l'età o il luogo in cui è stato ripreso, contribuisce a definire l’immagine e la reputazione online. Ciò che viene pubblicato online o condiviso nelle chat di messaggistica rischia di non essere più nel nostro controllo e questo vale maggiormente nel caso dei minori. Quando qualcosa appare su uno schermo, non solo può essere catturato e riutilizzato a nostra insaputa da chiunque per scopi impropri o per attività illecite, ma contiene più informazioni di quanto pensiamo, come ad esempio i dati di geolocalizzazione. Chiediamoci sempre se i nostri figli in futuro potrebbero non essere contenti di ritrovare loro immagini a disposizione di tutti o non essere d’accordo con l’immagine che gli stiamo costruendo. È bene essere consapevoli che stiamo fornendo dettagli sulla loro vita e che potrebbero anche influenzare la loro personalità e la loro dimensione relazionale in futuro. Se proprio decidiamo di pubblicare immagini dei nostri figli, è importante provare almeno a seguire alcune accortezze, come: - rendere irriconoscibile il viso del minore (ad esempio, utilizzando programmi di grafica per ""pixellare"" i volti, disponibili anche gratuitamente online); - coprire semplicemente i volti con una “faccina” emoticon; - limitare le impostazioni di visibilità delle immagini sui social network solo alle persone che si conoscono o che sono affidabili e non condividono senza consenso nel caso di invio su programma di messagistica istantanea; - evitare la creazione di un account social dedicato al minore; - leggere e comprendere le informative sulla privacy dei social network su cui carichiamo fotografie, video, etc. “LA SUA PRIVACY VALE MOLTO PIU' DI UN LIKE"" La campagna informativa del Garante privacy a tutela dei minori (gennaio 2025) ASCOLTA LO SPOT RADIOFONICO PODCAST ""A PROPOSITO DI PRIVACY"" Foto di minori online: consigli pratici per genitori troppo social Lo sharenting è un fenomeno da tempo all’attenzione del Garante, soprattutto per i rischi che comporta sull’identità digitale del minore e quindi sulla corretta formazione della sua personalità. Ne abbiamo parlato con il componente del Collegio del Garante, Guido Scorza ASCOLTA L'EPISODIO 2 DEL PODCAST Clicca Play per ascoltare - COMMISSIONE EUROPEA
Linee guida sulla protezione dei minori online 
(Luglio 2025) - Vademecum MINORI E NUOVE TECNOLOGIE - Consigli ai ""GRANDI"" per un utilizzo sicuro da parte dei ""PICCOLI"" - Relazione finale del Tavolo tecnico sulla tutela dei diritti dei minori nel contesto dei social networks, dei servizi e dei prodotti digitali in rete Banche, credito, finanza AI - Intelligenza artificiale Internet e nuove tecnologie Istruzione e formazione Marketing e comunicazioni indesiderate Pubblica amministrazione e trasparenza Sanità e Ricerca scientifica GDPR - Regolamento 2016/679",9b02b327e29a172398099b5a0a9c287e598b10f221eb92e634b9f97190bc26d7,AI Forensics,USA / Internazionale,2,NEUTRALE,"['di', 'dei', 'che', 'minori', 'figli']",Non classificato,0.0,-1.0,True,"['Collegio Del Garante || Istituzioni', 'Commissione Europea Linee || Istituzioni', 'Guido Scorza || Personaggi Pubblici', 'Marketing || Aziende e Org Private', 'Istruzione || Aziende e Org Private', 'Sanità || Aziende e Org Private', 'Stati Uniti || Stati e Luoghi', 'Sharenting - Suggerimenti || Stati e Luoghi', 'Luglio || Stati e Luoghi', 'Banche || Stati e Luoghi', 'GDPR || Leggi e Regolamentazioni || EU', 'SARI || Tecnologie || Polizia', 'ICO || Istituzioni || Regno Unito']"
0f5d581520959da6d92417d99792871917bb5b85380dee9d1ce72345733540dc,gpdp,2026-05-23,2026-05-23T08:12:01.272477,NOTA di precisazione del Garante per la protezione dati personali sulla propria situazione finanziaria,https://www.garanteprivacy.it/home/docweb/-/docweb-display/docweb/10188745,provvedimento,it,"Nota di precisazione del Garante per la protezione dati personali sulla... - Garante Privacy









































Salta direttamente al contenuto



Navigazione

Salta al contenuto
















Seguici su Basic




 






Seguici su

 linkedin 
 instagram 
 youtube 
 telegram 
 X 
 spotify 
















Selettore lingua











				
			
							
								ITA
							
							
			
			
			





ENG






















Garante per la protezione dei dati personali


















I miei diritti




 








        I miei diritti
    
















Imprese ed enti




 








        Imprese ed enti
    
















Servizi online




 








        Servizi online
    
















Podcast




 








        Podcast
    




















GGpdp5SearchToggleBar








































Menù di navigazione











Menu principale




 Garante Protezione dei Dati Personali





											L'Autorità
											




Il Garante",0f5d581520959da6d92417d99792871917bb5b85380dee9d1ce72345733540dc,Access Now,Italia,2,NEUTRALE,"['garante', 'contenuto', 'personali', 'servizi', 'protezione']",Non classificato,0.0,-1.0,True,"['Imprese || Aziende e Org Private', 'Podcast Podcast || Aziende e Org Private', 'GPDP || Istituzioni || Italia']"
a86ffa79f8becd2264da24591c6f4f24fa2bbc144532dfba4967f61a233617a6,gpdp,2026-05-23,2026-05-23T08:12:01.400092,FAQ in materia di trattamento di dati personali dei partecipanti alle procedure concorsuali per finalità di pubblicità e trasparenza alla luce delle recenti disposizioni normative,https://www.garanteprivacy.it/home/docweb/-/docweb-display/docweb/10197594,provvedimento,it,"FAQ in materia di trattamento di dati personali dei partecipanti alle procedure concorsuali per finalità di pubblicità e trasparenza alla luce delle recenti disposizioni normative Sono numerosi i reclami, le segnalazioni e i quesiti che l’Autorità riceve in merito al trattamento di dati personali nelle varie fasi di gestione delle procedure concorsuali e selettive e, in particolare, alla diffusione online di dati personali in occasione della pubblicazione di graduatorie o atti endoprocedimentali, riproponendo l’esigenza di coordinamento tra le norme di settore in materia di pubblicazione di graduatorie e la disciplina di protezione dei dati personali. Tale esigenza è stata ulteriormente evidenziata nei pareri resi sugli schemi di decreto attuativi della disciplina che ha previsto l’obbligatorio utilizzo da parte delle amministrazioni pubbliche del Portale unico del reclutamento istituito dall’art. 35-ter del d. lgs. 165/2001 (di seguito, “Portale InPa”). (1) Al riguardo, la normativa in materia di protezione dei dati personali prevede che, in ambito pubblico, il titolare del trattamento, anche quando operi nello svolgimento di procedure concorsuali, selettive o comunque valutative, prodromiche all’instaurazione del rapporto di lavoro, possa trattare i dati personali degli interessati per adempiere obblighi legali e perseguire interessi pubblici, nel rispetto dei principi generali di protezione dei dati, nel quadro delle disposizioni normative di settore che regolano l’accesso agli impieghi nelle pubbliche amministrazioni e le modalità di svolgimento dei pubblici concorsi e che costituiscono la base giuridica dei relativi trattamenti (artt. 5, 6, par. 1, lett. c) ed e), 9, parr. 2, lett. b) e g), e 4; 88 del Regolamento; 2-ter e 2-sexies del Codice). In una cornice normativa caratterizzata da norme stratificatesi nel tempo, che legittima numerose operazioni di trattamento in capo alle pubbliche amministrazioni (dall’indizione della procedura alla fase di acquisizione delle domande di partecipazione, alla gestione delle prove preselettive e alla formazione della graduatoria finale e alla relativa pubblicità), merita particolare attenzione la diffusione di dati personali online. Ancorché la disciplina normativa di settore, talvolta assai risalente nel tempo, preveda espressamente forme specifiche e circoscritte di diffusione (mediante, ad esempio, la pubblicazione sul bollettino dell’amministrazione ovvero, in altri casi, attraverso la mera messa a disposizione di documenti presso gli uffici o la mera affissione di atti in bacheche o all’albo pretorio dell’amministrazione), tali forme di pubblicazione non autorizzano, di per sé, a trasporre tutti i documenti contenenti dati personali sul sito web istituzionale dell’amministrazione. A differenza delle tradizionali forme di pubblicità, quella online costituisce infatti una forma di diffusione di dati particolarmente invasiva poiché consente a chiunque, per effetto dei comuni motori di ricerca esterni ai siti, di reperire indiscriminatamente e in tempo reale un insieme consistente di informazioni personali rese disponibili in rete, non sempre aggiornate e di natura differente. Una volta pubblicati, i dati rischiano di rimanere in rete per un tempo indefinito e possono essere utilizzati, anche incrociandoli con altre informazioni presenti sul web, da chiunque. Nell’utilizzare tale strumento di diffusione occorre, quindi, prevedere forme adeguate di selezione delle informazioni che potrebbero essere altrimenti aggregate massivamente mediante un comune motore di ricerca e suscettibile di utilizzi ulteriori, che, specie in presenza dell’indicizzazione e riutilizzabilità dei dati e, in generale, in ragione dei rischi connessi alla maggiore esposizione delle informazioni sul web, potrebbero comportare conseguenze pregiudizievoli nella sfera privata e lavorativa degli interessati. Nel solco delle indicazioni fornite nel tempo dal Garante in ordine alle cautele da adottare in tale ambito sia con provvedimenti a carattere generale (2) che con decisioni su singoli casi concreti, si ritiene opportuno richiamare – d’intesa con il Dipartimento della Funzione Pubblica della Presidenza del Consiglio dei Ministri - taluni punti di attenzione, attinti dalla casistica esplorata dall’Autorità, al fine di assicurare il rispetto della normativa di settore e, in pari tempo, i principi di protezione dei dati, nella prospettiva di promuovere la consapevolezza delle pubbliche amministrazioni e degli altri soggetti obbligati e prevenire, per l’effetto, iniziative e trattamenti di dati non conformi (art. 57, par. 1, lett. b) e d), del Regolamento e art. 154-bis, comma 1, lett. a), del Codice). A seguito della recente riforma della pubblica amministrazione, che ha interessato anche la materia della pubblicità delle procedure concorsuali (d.l. 14 marzo 2025, n. 25, convertito con l. 9 maggio 2025, n. 69), l’attuale quadro normativo conferma, positivizzandola, la posizione tradizionalmente assunta dal Garante rispetto a queste tematiche, assicurando in pari tempo sia il rispetto dei principi di protezione dei dati personali sia il soddisfacimento delle esigenze di pubblicità e trasparenza delle procedure concorsuali e garantendo in tal modo il coordinamento tra le due diverse discipline e l’efficace bilanciamento tra i diritti e gli interessi ad esse sottesi, nella prospettiva del buon andamento della pubblica amministrazione (art. 97 Cost.), in termini di efficacia, efficienza ed economicità dell’azione amministrativa. Le seguenti FAQ sono state condivise, nel corso di interlocuzioni informali, con il Dipartimento della Funzione Pubblica della Presidenza del Consiglio dei Ministri. 1) Quali dati personali devono essere oggetto di pubblicazione online nell’ambito delle procedure concorsuali e selettive? In ossequio agli obblighi di pubblicità legale delle graduatorie di concorsi e di prove selettive anche ai fini della decorrenza del termine per l’impugnativa e nel rispetto delle disposizioni in materia di trasparenza amministrativa, le amministrazioni e gli altri soggetti obbligati sono tenuti a pubblicare online, con le modalità indicate nella successiva FAQ n. 2, le graduatorie finali recanti i dati personali dei soli partecipanti risultati vincitori da aggiornarsi solo in caso di eventuale scorrimento della graduatoria (v. FAQ n. 4). Tali disposizioni, finalizzate a consentire agli interessati, partecipanti alle procedure concorsuali o selettive, l’attivazione delle forme di tutela dei propri diritti e di controllo della legittimità dell’azione amministrativa nonché ad assicurare la trasparenza amministrativa, definiscono, infatti, sotto il profilo della protezione dei dati, l’ambito del trattamento consentito e ne costituiscono la base giuridica, stabilendo limiti, condizioni e presupposti della pubblicazione online di dati personali nell’ambito delle procedure concorsuali. In tale quadro e nel rispetto dei principi di protezione dei dati personali, le amministrazioni e gli altri soggetti obbligati devono pubblicare il nome e il cognome dei vincitori, oltre eventualmente alla data di nascita in caso di omonimia, nonché la posizione in graduatoria (v. anche FAQ n. 3). Ciò anche alla luce delle indicazioni di ANAC, che, ai fini dell’attuazione uniforme degli obblighi di pubblicità e trasparenza nonché secondo il principio di minimizzazione dei dati e le Linee guida del Garante in materia, ha adottato schemi standard per l’organizzazione, la codificazione e la rappresentazione dei documenti, delle informazioni e dei dati oggetto di pubblicazione obbligatoria ai sensi della normativa vigente, nonché relativamente all’organizzazione della sezione “Amministrazione trasparente”. (3) I dati personali diversi e ulteriori da quelli sopra menzionati sono comunque oggetto di trattamento da parte dell’amministrazione fin dall’acquisizione della domanda di partecipazione al concorso presentata da ciascun candidato e sono oggetto di conservazione nei termini di legge, ma non devono essere diffusi mediante pubblicazione online per le richiamate finalità di pubblicità legale e trasparenza degli esiti della procedura. 2) Come le amministrazioni devono assolvere all’obbligo di pubblicare i dati personali contenuti nelle graduatorie finali nell’ambito delle procedure concorsuali e selettive? La normativa che ha istituito il Portale InPa a partire dall’anno 2023 ha stabilito che le pubbliche amministrazioni e gli enti locali sono esonerati dall’obbligo di pubblicazione delle procedure concorsuali in Gazzetta Ufficiale. Tale obbligo è stato sostituito dalla pubblicazione sul Portale InPa dell’apposito avviso di avvenuta pubblicazione della graduatoria finale del concorso a cura dell’amministrazione procedente nel proprio sito istituzionale. (4) Dalla data di tale pubblicazione decorrono i termini per l’impugnativa. (5) Restano fermi gli obblighi di comunicazione previsti dalla normativa vigente in favore dei partecipanti alla procedura (v. FAQ n. 3), nonché gli obblighi di pubblicazione online previsti dalla disciplina in materia di trasparenza amministrativa. 3) Possono essere pubblicate online la graduatoria di merito, quella risultante dall'applicazione dei titoli sulla graduatoria di merito e quella finale sulla quale si applicano le riserve previste dal bando No. In base al quadro normativo vigente, tali graduatorie non sono oggetto di pubblicazione online ma sono messe a disposizione dei soli partecipanti alla procedura, anche in un unico documento, tramite il Portale InPA e in un'area del sito dell'amministrazione procedente ad accesso riservato ai soli partecipanti, nel rispetto del principio di minimizzazione dei dati (v. FAQ 4). (6) Resta fermo l’obbligo di pubblicazione online della graduatoria finale recante il nome e il cognome dei vincitori, oltre eventualmente alla data di nascita in caso di omonimia, nonché la posizione in graduatoria e, a discrezione dell’amministrazione, il punteggio complessivo, nel rispetto degli obblighi di pubblicità legale e trasparenza amministrativa (v. FAQ n. 1). (7) 4) Quali dati delle graduatorie, all’esito della procedura concorsuale, sono oggetto di comunicazione ai partecipanti alla procedura tramite l’area ad accesso riservato sul Portale InPA e sul sito dell’amministrazione procedente? In base alla normativa vigente, come recentemente modificata, la graduatoria di merito, quella risultante dall'applicazione dei titoli sulla graduatoria di merito e quella finale sulla quale si applicano le riserve previste dal bando sono messe a disposizione dei soli partecipanti alla procedura in un’area riservata, ad accesso selettivo, a cui gli stessi partecipanti alla procedura possono accedere ad esempio mediante l’utilizzo di credenziali o dispositivi di autenticazione. In tale quadro, le pubbliche amministrazioni devono comunque assicurare il rispetto dei principi generali di protezione dei dati, in particolare quello di minimizzazione dei dati, avuto riguardo all’esigenza di assicurare la pubblicità in favore dei partecipanti alla procedura, portatori di un interesse diretto, concreto e attuale, alla consultazione dei predetti dati. Le amministrazioni devono, quindi, mettere a disposizione dei partecipanti alla procedura alcuni dati personali essenziali di coloro che abbiano superato la prova e, comunque, i soli dati adeguati, pertinenti e limitati a quanto necessario rispetto alle predette finalità, e relativi dunque al nome, al cognome, alla posizione attribuita in graduatoria e al punteggio derivante dalle prove e dai titoli, dando conto della mera ricorrenza di eventuali riserve previste dal bando o di titoli di preferenza o precedenza, senza specificarne la natura (ad es., con l’indicazione di un asterisco). Ciò in quanto tali informazioni potrebbero rivelare dati relativi alla sfera personale degli interessati nonché condizioni di salute dei partecipanti medesimi o di propri familiari. Spetta, in ogni caso, all’amministrazione procedente, in qualità di titolare del trattamento e, nella prospettiva del principio di responsabilizzazione, valutare in concreto la necessità di adottare specifiche misure di ulteriore minimizzazione dei dati. Non possono, invece, essere oggetto di consultabilità, con le modalità sopra descritte, gli altri atti predisposti dalle commissioni di concorso, nonché eventuali ulteriori informazioni e documenti (quali, elaborati tecnici, verbali, valutazioni dei titoli di preferenza) ovvero tutti gli altri atti presupposti contenente elementi tenuti in conto dalle commissioni per l’adozione dei relativi atti valutativi, che pure costituiscono atti del procedimento. 5) Possono essere pubblicati i dati personali dei candidati non risultati vincitori della procedura concorsuale o selettiva? No, le finalità di pubblicità legale e di trasparenza amministrativa della graduatoria finale sono assicurate attraverso la pubblicazione online dei dati dei soli vincitori. I dati relativi agli idonei non vincitori dovranno essere pubblicati online, in base alla legge, solo allorquando l’amministrazione proceda all’aggiornamento delle graduatorie finali con lo scorrimento degli idonei, per l’effetto dichiarati vincitori. (8) Non devono invece essere pubblicati online i dati personali dei candidati non risultati vincitori (tra cui, in particolare, quelli degli idonei e dei non idonei o degli assenti). La partecipazione a una selezione concorsuale e il relativo esito, eventualmente anche in costanza di altro rapporto di lavoro, costituiscono infatti informazioni che, anche nella prospettiva di tutelare la sfera privata della persona, meritano adeguata protezione, in particolare tenuto conto degli specifici rischi per gli interessati nonché della maggiore esposizione delle informazioni sul web, specie in presenza dell’indicizzazione e riutilizzabilità dei dati. (9) Sono fatti salvi gli specifici casi previsti dalla legge in ambiti particolari che, nel rispetto delle condizioni previste dall’art. 2-ter del Codice, prevedono la diffusione di altri atti e documenti delle procedure selettive che contengono anche dati personali dei candidati non risultati vincitori (v., in particolare, con riferimento alle procedure di valutazione comparativa e nomina in ruolo dei professori ordinari e associati e dei ricercatori in ambito universitario, art. 6 del d.P.R. 23 marzo 2000, n. 117). 6) Può l’amministrazione pubblicare online la ricorrenza dei titoli di preferenza o precedenza in relazione a singoli candidati? No, l’informazione circa la ricorrenza dei titoli di preferenza o precedenza non deve essere pubblicata online. I titoli di preferenza e precedenza costituiscono, infatti, informazioni riferite alle specifiche condizioni soggettive riguardanti i candidati o i loro familiari, che devono essere trattate dall’amministrazione, in base alle norme applicabili, per la stesura della graduatoria finale e devono essere valutate dall’amministrazione per la verifica dei requisiti professionali previsti dalla legge (cfr. art. 5 del d.P.R. n. 487 del 1994). La circostanza per cui, inoltre, talune di tali condizioni siano particolarmente delicate - come, tra le altre, quella di appartenere “alla categoria di cui alla legge n. 68 del 1999”, di essere “mutilato o invalido civile o per servizio”, “orfan[o] dei caduti o  figli[o] dei mutilati, degli invalidi e degli inabili permanenti al lavoro per ragioni di servizio nel settore pubblico e privato oppure “figli[o] degli esercenti le professioni sanitarie […] deceduti in seguito all'infezione da SarsCov-2 contratta nell'esercizio della propria attività” (art. 5 del d.P.R. 9 maggio 1994, n. 487), essendo le stesse relative allo stato di salute degli interessati o di loro familiari - può comportare la possibilità di ricavare informazioni relative anche allo stato di salute del candidato o dei suoi familiari, la cui diffusione è espressamente vietata. (10) Peraltro, anche il mero riferimento a corpi normativi che notoriamente sono riferiti a benefici e garanzie per l’assistenza, l’integrazione sociale e lavorativa di persone disabili o di loro familiari (come la legge n. 104 del 1992 “Legge quadro per l’assistenza, l’integrazione sociale e i diritti delle persone handicappate” o la legge n. 68 del 1999 “Norme per il diritto al lavoro dei disabili”) può rivelare informazioni sullo stato di salute di una persona. 7) Può l’amministrazione pubblicare online la ricorrenza di cause di esclusione o ammissione con riserva in relazione a singoli candidati? No. Ancorché tali informazioni possano essere trattate dall’amministrazione, in base alle norme applicabili, anche per la stesura o l’aggiornamento della graduatoria, non ricorrono tuttavia i presupposti per la diffusione online di tali dati. L’eventuale annotazione, anche attraverso l’uso di acronimi, in corrispondenza di specifici nominativi all’interno della graduatoria finale destinata alla pubblicazione online, dà luogo a una diffusione, non prevista dalla legge, di informazioni comunque non necessarie rispetto alle finalità di pubblicità legale e trasparenza amministrativa degli esiti della procedura. Non possono essere diffuse, inoltre, informazioni relative a condanne penali e reati (cfr. artt. 10 del Regolamento e 2-octies del Codice), acquisite dall’amministrazione anche nell’ambito delle verifiche tramite il casellario giudiziario ai sensi del d.P.R. 445/2000, né l’indicazione dell’ammissione con riserva per giudizi pendenti anche di carattere amministrativo. La diffusione di tali informazioni può, infatti, compromettere pericolosamente l’identità personale e la reputazione degli interessati, circostanza peraltro amplificata in ragione dei richiamati rischi connessi alla maggiore esposizione delle informazioni sul web, la loro indicizzazione e la potenziale riutilizzabilità anche da parte di terzi in contesti diversi. 8) Possono essere pubblicati online i dati personali contenuti negli atti endoprocedimentali dei concorsi e delle selezioni? No, in base alla normativa vigente devono essere oggetto di pubblicazione online i soli dati personali contenuti nelle graduatorie finali (v. FAQ n. 1) e non anche quelli contenuti negli atti o nei documenti a carattere endoprocedimentale. Resta fermo che, invece, il diario delle prove, il punteggio conseguito, l'eventuale convocazione alle prove e l'elenco dei candidati che hanno superato la prova, con i relativi punteggi, devono essere messi a disposizione dei partecipanti alla procedura in un'area ad accesso riservato, utilizzando le specifiche funzionalità del Portale InPA. (11) Sono fatti salvi gli specifici casi previsti dalla legge in ambiti particolari che, nel rispetto delle condizioni previste dall’art. 2-ter del Codice, prevedono la diffusione dei dati personali contenuti in taluni specifici atti endoprocedimentali (v. FAQ n. 5, ultimo periodo). 9) Può l’amministrazione pubblicare online gli esiti delle prove orali con l’elenco dei candidati esaminati? No. Gli esiti delle prove orali, con l'elenco dei candidati esaminati, non sono oggetto di pubblicazione online ma sono affissi al termine di ogni sessione giornaliera d'esame nei luoghi fisici in cui si è svolta la prova e rimangono pubblicati fino al termine di ciascuna giornata. (12) 10) Può l’amministrazione, attraverso il bando di concorso o un proprio regolamento, prevedere la pubblicazione di dati personali diversi ed ulteriori rispetto a quelli previsti dalla normativa di settore? No. Seppure il bando di concorso pubblico possa considerarsi un atto amministrativo generale, tale atto non può introdurre nuovi trattamenti di dati personali, derogando o ponendosi in contrasto con il contenuto delle disposizioni normative gerarchicamente sovraordinate. Non si rinviene, infatti, nell’atto amministrativo generale, anche qualora adottato dalla singola amministrazione con proprio regolamento interno, l’attitudine ad innovare l’ordinamento in relazione al trattamento dei dati personali attraverso, ad esempio, la previsione della pubblicazione di atti e documenti diversi dalle graduatorie finali di merito contenenti dati personali dei candidati partecipanti alla procedura concorsuale, essendo le caratteristiche essenziali del trattamento già delineate dalle norme nazionali di settore. Nel quadro di derivazione europea della disciplina di protezione dei dati, nella prospettiva della certezza del diritto, nonché del principio di non discriminazione, non sono infatti consentiti livelli differenziati di tutela della protezione dei dati personali - né su base territoriale né a livello di singola amministrazione – specie quando la materia, come nel caso della pubblicazione online delle graduatorie delle procedure concorsuali e selettive, sia già stata oggetto di bilanciamento e regolazione dal legislatore con disposizioni uniformi a livello nazionale. (13) 1) Cfr. Parere sullo schema di decreto del Ministro per la Pubblica Amministrazione, avente ad oggetto le caratteristiche e le modalità di funzionamento del Portale unico del reclutamento - 3 novembre 2023, doc. web n. 9954845, e Parere sullo schema di decreto del Ministro per la Pubblica Amministrazione, da adottarsi di concerto con i Ministri dell'Interno, della Difesa, dell'Economia e delle finanze e della Giustizia, avente ad oggetto l’utilizzo del Portale unico del reclutamento da parte delle Forze armate, delle Forze di polizia e del Corpo nazionale dei vigili del fuoco - 21 dicembre 2023, doc. web n. 9976653, ove si evidenzia l’introduzione di “misure per assicurare il coordinamento con la disciplina di settore in materia di pubblicità dei provvedimenti finali e delle graduatorie di procedimenti relativi a concorsi, prove selettive e procedure di reclutamento del personale delle pubbliche amministrazioni (cfr. art. 7, d.P.R. 10 gennaio 1957, n. 3; nonché art. 15, d.P.R. 9 maggio 1994, n. 487, art. 35, d. lgs. 30 marzo 2001, n. 165), nel rispetto dei principi di liceità, correttezza e trasparenza e di minimizzazione dei dati (artt. 5, par. 1, lett. a) e c), del Regolamento)”. 2) Cfr. le “Linee guida in materia di trattamento di dati personali, contenuti anche in atti e documenti amministrativi, effettuato per finalità di pubblicità e trasparenza sul web da soggetti pubblici e da altri enti obbligati”, adottate con provv. 15 maggio 2014, n. 243, doc. web n. 3134436, nonché le Linee guida in materia di trattamento di dati personali, di lavoratori per finalità di gestione del rapporto di lavoro in ambito pubblico, adottate con provv. 14 giugno 2007, n. 161, doc. web n. 1417809. 3) Cfr. art. 48, commi 1 e 3, del d. lgs. n. 33/2013; v. anche parere reso dal Garante con provv. 22 febbraio 2024, n. 92, doc. web n. 9996090. 4) Cfr. art. 7, comma 2, del D.M. 3 novembre 2023 recante “Individuazione, caratteristiche e modalità di funzionamento del portale www.InPA.gov.it”; v. anche art. 19 del d. lgs. n. 33/2013. 5) Cfr. art. 15, comma 6, del d.P.R. 487/1994. 6) Cfr. art. 35, commi 5-quater e 5-quinquies, del d. lgs 165/2001. In particolare, in base all’art. 35, comma 5-quater, citato, “Ai fini di cui al comma 5-ter, le commissioni di concorso, al termine dello svolgimento delle prove d'esame elaborano una graduatoria di merito sulla base dei soli risultati delle predette prove. Su tale graduatoria sono applicati i punteggi relativi ai titoli previsti dal bando e, successivamente, sono applicate le precedenze e le preferenze. Su tale ultima elaborazione le commissioni applicano il limite di cui al comma 5-ter. Sulla graduatoria risultante si applicano, entro il limite del 20 per cento degli idonei, le riserve di posti previste dal bando. Al fine di assicurare la trasparenza della procedura concorsuale, la graduatoria di merito, quella risultante dall'applicazione dei titoli sulla graduatoria di merito e quella finale sulla quale si applicano le riserve previste dal bando sono pubblicate contestualmente, anche in un unico documento, sul Portale unico del reclutamento di cui all'articolo 35-ter e sul sito dell'amministrazione procedente, anche tramite apposito collegamento ipertestuale, in un'area ad accesso riservato ai partecipanti, utilizzando le specifiche funzionalità previste dal predetto Portale. È assicurata la minimizzazione dei dati personali. Resta fermo quanto previsto dall'articolo 19 del decreto legislativo 14 marzo 2013, n. 33”. 7) Cfr. art. 19 del d. lgs. n. 33/2013. 8) Cfr. art. 19, commi 1 e 2 del d. lgs. n. 33/2013; cfr. anche delibera ANAC n. 525 del 15 novembre 2023 e, da ultimo, ANAC “Schemi di pubblicazione dei dati per la standardizzazione ai sensi dell’art. 48 d.lgs 33/2013, Schema art. 19”, disponibili sul sito istituzionale di ANAC. 9) Cfr. artt. 88 del Regolamento e 113 del Codice. V. sul punto Memoria del Presidente del Garante per la protezione dei dati personali sul disegno di legge di bilancio 2020 commissione 5°, Bilancio, del Senato della Repubblica, del 12 novembre 2019, doc. web 9184376, par. 4. Tale impostazione è stata ulteriormente confermata dal Garante nelle osservazioni contenute nel parere sugli schemi standard di pubblicazione predisposti da ANAC – riguardanti fra l’altro proprio l’art. 19, del d. lgs. n. 33/2013 – ai sensi dell’art. 48, commi 1 e 3, del medesimo decreto (cfr. provv. 22 febbraio 2024, n. 92, doc. web n. 9996090). 10) Cfr. art. 2-septies, comma 8, del Codice. 11) Cfr. art. 35-ter, comma 2, del d. lgs. 165/2001 e art. 7 del D.M. 3 novembre 2023. 12) Cfr. art. 35-ter, comma 2, del d. lgs. 165/2001. 13) La base giuridica del trattamento deve essere, infatti, idonea anche alla luce dell’“ordinamento costituzionale” dello Stato membro, nel rispetto del principio di proporzionalità (considerando 41 e v. anche Corte Cost. sent. n. 271/2005 in base alla quale la disciplina di protezione dei dati personali rientra fra la materia di competenza esclusiva statale riferita all’ “ordinamento civile”). Tali principi sono stati ribaditi dal Garante nell’ambito di diverse decisioni su casi concreti. In ossequio agli obblighi di pubblicità legale delle graduatorie di concorsi e di prove selettive anche ai fini della decorrenza del termine per l’impugnativa e nel rispetto delle disposizioni in materia di trasparenza amministrativa, le amministrazioni e gli altri soggetti obbligati sono tenuti a pubblicare online, con le modalità indicate nella successiva FAQ n. 2, le graduatorie finali recanti i dati personali dei soli partecipanti risultati vincitori da aggiornarsi solo in caso di eventuale scorrimento della graduatoria (v. FAQ n. 4). Tali disposizioni, finalizzate a consentire agli interessati, partecipanti alle procedure concorsuali o selettive, l’attivazione delle forme di tutela dei propri diritti e di controllo della legittimità dell’azione amministrativa nonché ad assicurare la trasparenza amministrativa, definiscono, infatti, sotto il profilo della protezione dei dati, l’ambito del trattamento consentito e ne costituiscono la base giuridica, stabilendo limiti, condizioni e presupposti della pubblicazione online di dati personali nell’ambito delle procedure concorsuali. In tale quadro e nel rispetto dei principi di protezione dei dati personali, le amministrazioni e gli altri soggetti obbligati devono pubblicare il nome e il cognome dei vincitori, oltre eventualmente alla data di nascita in caso di omonimia, nonché la posizione in graduatoria (v. anche FAQ n. 3). Ciò anche alla luce delle indicazioni di ANAC, che, ai fini dell’attuazione uniforme degli obblighi di pubblicità e trasparenza nonché secondo il principio di minimizzazione dei dati e le Linee guida del Garante in materia, ha adottato schemi standard per l’organizzazione, la codificazione e la rappresentazione dei documenti, delle informazioni e dei dati oggetto di pubblicazione obbligatoria ai sensi della normativa vigente, nonché relativamente all’organizzazione della sezione “Amministrazione trasparente”. (1) I dati personali diversi e ulteriori da quelli sopra menzionati sono comunque oggetto di trattamento da parte dell’amministrazione fin dall’acquisizione della domanda di partecipazione al concorso presentata da ciascun candidato e sono oggetto di conservazione nei termini di legge, ma non devono essere diffusi mediante pubblicazione online per le richiamate finalità di pubblicità legale e trasparenza degli esiti della procedura. 1) Cfr. art. 48, commi 1 e 3, del d. lgs. n. 33/2013; v. anche parere reso dal Garante con provv. 22 febbraio 2024, n. 92, doc. web n. 9996090. La normativa che ha istituito il Portale InPa a partire dall’anno 2023 ha stabilito che le pubbliche amministrazioni e gli enti locali sono esonerati dall’obbligo di pubblicazione delle procedure concorsuali in Gazzetta Ufficiale. Tale obbligo è stato sostituito dalla pubblicazione sul Portale InPa dell’apposito avviso di avvenuta pubblicazione della graduatoria finale del concorso a cura dell’amministrazione procedente nel proprio sito istituzionale. (1) Dalla data di tale pubblicazione decorrono i termini per l’impugnativa. (2) Restano fermi gli obblighi di comunicazione previsti dalla normativa vigente in favore dei partecipanti alla procedura (v. FAQ n. 3), nonché gli obblighi di pubblicazione online previsti dalla disciplina in materia di trasparenza amministrativa. 1) Cfr. art. 7, comma 2, del D.M. 3 novembre 2023 recante “Individuazione, caratteristiche e modalità di funzionamento del portale www.InPA.gov.it”; v. anche art. 19 del d. lgs. n. 33/2013. 2) Cfr. art. 15, comma 6, del d.P.R. 487/1994. No. In base al quadro normativo vigente, tali graduatorie non sono oggetto di pubblicazione online ma sono messe a disposizione dei soli partecipanti alla procedura, anche in un unico documento, tramite il Portale InPA e in un'area del sito dell'amministrazione procedente ad accesso riservato ai soli partecipanti, nel rispetto del principio di minimizzazione dei dati (v. FAQ 4). (1) Resta fermo l’obbligo di pubblicazione online della graduatoria finale recante il nome e il cognome dei vincitori, oltre eventualmente alla data di nascita in caso di omonimia, nonché la posizione in graduatoria e, a discrezione dell’amministrazione, il punteggio complessivo, nel rispetto degli obblighi di pubblicità legale e trasparenza amministrativa (v. FAQ n. 1). (2) 1) Cfr. art. 35, commi 5-quater e 5-quinquies, del d. lgs 165/2001. In particolare, in base all’art. 35, comma 5-quater, citato, “Ai fini di cui al comma 5-ter, le commissioni di concorso, al termine dello svolgimento delle prove d'esame elaborano una graduatoria di merito sulla base dei soli risultati delle predette prove. Su tale graduatoria sono applicati i punteggi relativi ai titoli previsti dal bando e, successivamente, sono applicate le precedenze e le preferenze. Su tale ultima elaborazione le commissioni applicano il limite di cui al comma 5-ter. Sulla graduatoria risultante si applicano, entro il limite del 20 per cento degli idonei, le riserve di posti previste dal bando. Al fine di assicurare la trasparenza della procedura concorsuale, la graduatoria di merito, quella risultante dall'applicazione dei titoli sulla graduatoria di merito e quella finale sulla quale si applicano le riserve previste dal bando sono pubblicate contestualmente, anche in un unico documento, sul Portale unico del reclutamento di cui all'articolo 35-ter e sul sito dell'amministrazione procedente, anche tramite apposito collegamento ipertestuale, in un'area ad accesso riservato ai partecipanti, utilizzando le specifiche funzionalità previste dal predetto Portale. È assicurata la minimizzazione dei dati personali. Resta fermo quanto previsto dall'articolo 19 del decreto legislativo 14 marzo 2013, n. 33”. 2) Cfr. art. 19 del d. lgs. n. 33/2013. In base alla normativa vigente, come recentemente modificata, la graduatoria di merito, quella risultante dall'applicazione dei titoli sulla graduatoria di merito e quella finale sulla quale si applicano le riserve previste dal bando sono messe a disposizione dei soli partecipanti alla procedura in un’area riservata, ad accesso selettivo, a cui gli stessi partecipanti alla procedura possono accedere ad esempio mediante l’utilizzo di credenziali o dispositivi di autenticazione. In tale quadro, le pubbliche amministrazioni devono comunque assicurare il rispetto dei principi generali di protezione dei dati, in particolare quello di minimizzazione dei dati, avuto riguardo all’esigenza di assicurare la pubblicità in favore dei partecipanti alla procedura, portatori di un interesse diretto, concreto e attuale, alla consultazione dei predetti dati. Le amministrazioni devono, quindi, mettere a disposizione dei partecipanti alla procedura alcuni dati personali essenziali di coloro che abbiano superato la prova e, comunque, i soli dati adeguati, pertinenti e limitati a quanto necessario rispetto alle predette finalità, e relativi dunque al nome, al cognome, alla posizione attribuita in graduatoria e al punteggio derivante dalle prove e dai titoli, dando conto della mera ricorrenza di eventuali riserve previste dal bando o di titoli di preferenza o precedenza, senza specificarne la natura (ad es., con l’indicazione di un asterisco). Ciò in quanto tali informazioni potrebbero rivelare dati relativi alla sfera personale degli interessati nonché condizioni di salute dei partecipanti medesimi o di propri familiari. Spetta, in ogni caso, all’amministrazione procedente, in qualità di titolare del trattamento e, nella prospettiva del principio di responsabilizzazione, valutare in concreto la necessità di adottare specifiche misure di ulteriore minimizzazione dei dati. Non possono, invece, essere oggetto di consultabilità, con le modalità sopra descritte, gli altri atti predisposti dalle commissioni di concorso, nonché eventuali ulteriori informazioni e documenti (quali, elaborati tecnici, verbali, valutazioni dei titoli di preferenza) ovvero tutti gli altri atti presupposti contenente elementi tenuti in conto dalle commissioni per l’adozione dei relativi atti valutativi, che pure costituiscono atti del procedimento. No, le finalità di pubblicità legale e di trasparenza amministrativa della graduatoria finale sono assicurate attraverso la pubblicazione online dei dati dei soli vincitori. I dati relativi agli idonei non vincitori dovranno essere pubblicati online, in base alla legge, solo allorquando l’amministrazione proceda all’aggiornamento delle graduatorie finali con lo scorrimento degli idonei, per l’effetto dichiarati vincitori. (1) Non devono invece essere pubblicati online i dati personali dei candidati non risultati vincitori (tra cui, in particolare, quelli degli idonei e dei non idonei o degli assenti). La partecipazione a una selezione concorsuale e il relativo esito, eventualmente anche in costanza di altro rapporto di lavoro, costituiscono infatti informazioni che, anche nella prospettiva di tutelare la sfera privata della persona, meritano adeguata protezione, in particolare tenuto conto degli specifici rischi per gli interessati nonché della maggiore esposizione delle informazioni sul web, specie in presenza dell’indicizzazione e riutilizzabilità dei dati. (2) Sono fatti salvi gli specifici casi previsti dalla legge in ambiti particolari che, nel rispetto delle condizioni previste dall’art. 2-ter del Codice, prevedono la diffusione di altri atti e documenti delle procedure selettive che contengono anche dati personali dei candidati non risultati vincitori (v., in particolare, con riferimento alle procedure di valutazione comparativa e nomina in ruolo dei professori ordinari e associati e dei ricercatori in ambito universitario, art. 6 del d.P.R. 23 marzo 2000, n. 117). 1) Cfr. art. 19, commi 1 e 2 del d. lgs. n. 33/2013; cfr. anche delibera ANAC n. 525 del 15 novembre 2023 e, da ultimo, ANAC “Schemi di pubblicazione dei dati per la standardizzazione ai sensi dell’art. 48 d.lgs 33/2013, Schema art. 19”, disponibili sul sito istituzionale di ANAC. 2) Cfr. artt. 88 del Regolamento e 113 del Codice. V. sul punto Memoria del Presidente del Garante per la protezione dei dati personali sul disegno di legge di bilancio 2020 commissione 5°, Bilancio, del Senato della Repubblica, del 12 novembre 2019, doc. web 9184376, par. 4. Tale impostazione è stata ulteriormente confermata dal Garante nelle osservazioni contenute nel parere sugli schemi standard di pubblicazione predisposti da ANAC – riguardanti fra l’altro proprio l’art. 19, del d. lgs. n. 33/2013 – ai sensi dell’art. 48, commi 1 e 3, del medesimo decreto (cfr. provv. 22 febbraio 2024, n. 92, doc. web n. 9996090). No, l’informazione circa la ricorrenza dei titoli di preferenza o precedenza non deve essere pubblicata online. I titoli di preferenza e precedenza costituiscono, infatti, informazioni riferite alle specifiche condizioni soggettive riguardanti i candidati o i loro familiari, che devono essere trattate dall’amministrazione, in base alle norme applicabili, per la stesura della graduatoria finale e devono essere valutate dall’amministrazione per la verifica dei requisiti professionali previsti dalla legge (cfr. art. 5 del d.P.R. n. 487 del 1994). La circostanza per cui, inoltre, talune di tali condizioni siano particolarmente delicate - come, tra le altre, quella di appartenere “alla categoria di cui alla legge n. 68 del 1999”, di essere “mutilato o invalido civile o per servizio”, “orfan[o] dei caduti o  figli[o] dei mutilati, degli invalidi e degli inabili permanenti al lavoro per ragioni di servizio nel settore pubblico e privato oppure “figli[o] degli esercenti le professioni sanitarie […] deceduti in seguito all'infezione da SarsCov-2 contratta nell'esercizio della propria attività” (art. 5 del d.P.R. 9 maggio 1994, n. 487), essendo le stesse relative allo stato di salute degli interessati o di loro familiari - può comportare la possibilità di ricavare informazioni relative anche allo stato di salute del candidato o dei suoi familiari, la cui diffusione è espressamente vietata. (1) Peraltro, anche il mero riferimento a corpi normativi che notoriamente sono riferiti a benefici e garanzie per l’assistenza, l’integrazione sociale e lavorativa di persone disabili o di loro familiari (come la legge n. 104 del 1992 “Legge quadro per l’assistenza, l’integrazione sociale e i diritti delle persone handicappate” o la legge n. 68 del 1999 “Norme per il diritto al lavoro dei disabili”) può rivelare informazioni sullo stato di salute di una persona. 1) Cfr. art. 2-septies, comma 8, del Codice. No. Ancorché tali informazioni possano essere trattate dall’amministrazione, in base alle norme applicabili, anche per la stesura o l’aggiornamento della graduatoria, non ricorrono tuttavia i presupposti per la diffusione online di tali dati. L’eventuale annotazione, anche attraverso l’uso di acronimi, in corrispondenza di specifici nominativi all’interno della graduatoria finale destinata alla pubblicazione online, dà luogo a una diffusione, non prevista dalla legge, di informazioni comunque non necessarie rispetto alle finalità di pubblicità legale e trasparenza amministrativa degli esiti della procedura. Non possono essere diffuse, inoltre, informazioni relative a condanne penali e reati (cfr. artt. 10 del Regolamento e 2-octies del Codice), acquisite dall’amministrazione anche nell’ambito delle verifiche tramite il casellario giudiziario ai sensi del d.P.R. 445/2000, né l’indicazione dell’ammissione con riserva per giudizi pendenti anche di carattere amministrativo. La diffusione di tali informazioni può, infatti, compromettere pericolosamente l’identità personale e la reputazione degli interessati, circostanza peraltro amplificata in ragione dei richiamati rischi connessi alla maggiore esposizione delle informazioni sul web, la loro indicizzazione e la potenziale riutilizzabilità anche da parte di terzi in contesti diversi. No, in base alla normativa vigente devono essere oggetto di pubblicazione online i soli dati personali contenuti nelle graduatorie finali (v. FAQ n. 1) e non anche quelli contenuti negli atti o nei documenti a carattere endoprocedimentale. Resta fermo che, invece, il diario delle prove, il punteggio conseguito, l'eventuale convocazione alle prove e l'elenco dei candidati che hanno superato la prova, con i relativi punteggi, devono essere messi a disposizione dei partecipanti alla procedura in un'area ad accesso riservato, utilizzando le specifiche funzionalità del Portale InPA. (1) Sono fatti salvi gli specifici casi previsti dalla legge in ambiti particolari che, nel rispetto delle condizioni previste dall’art. 2-ter del Codice, prevedono la diffusione dei dati personali contenuti in taluni specifici atti endoprocedimentali (v. FAQ n. 5, ultimo periodo). 1) Cfr. art. 35-ter, comma 2, del d. lgs. 165/2001 e art. 7 del D.M. 3 novembre 2023. No. Gli esiti delle prove orali, con l'elenco dei candidati esaminati, non sono oggetto di pubblicazione online ma sono affissi al termine di ogni sessione giornaliera d'esame nei luoghi fisici in cui si è svolta la prova e rimangono pubblicati fino al termine di ciascuna giornata. (1) 1) Cfr. art. 35-ter, comma 2, del d. lgs. 165/2001. No. Seppure il bando di concorso pubblico possa considerarsi un atto amministrativo generale, tale atto non può introdurre nuovi trattamenti di dati personali, derogando o ponendosi in contrasto con il contenuto delle disposizioni normative gerarchicamente sovraordinate. Non si rinviene, infatti, nell’atto amministrativo generale, anche qualora adottato dalla singola amministrazione con proprio regolamento interno, l’attitudine ad innovare l’ordinamento in relazione al trattamento dei dati personali attraverso, ad esempio, la previsione della pubblicazione di atti e documenti diversi dalle graduatorie finali di merito contenenti dati personali dei candidati partecipanti alla procedura concorsuale, essendo le caratteristiche essenziali del trattamento già delineate dalle norme nazionali di settore. Nel quadro di derivazione europea della disciplina di protezione dei dati, nella prospettiva della certezza del diritto, nonché del principio di non discriminazione, non sono infatti consentiti livelli differenziati di tutela della protezione dei dati personali - né su base territoriale né a livello di singola amministrazione – specie quando la materia, come nel caso della pubblicazione online delle graduatorie delle procedure concorsuali e selettive, sia già stata oggetto di bilanciamento e regolazione dal legislatore con disposizioni uniformi a livello nazionale. (1) 1) La base giuridica del trattamento deve essere, infatti, idonea anche alla luce dell’“ordinamento costituzionale” dello Stato membro, nel rispetto del principio di proporzionalità (considerando 41 e v. anche Corte Cost. sent. n. 271/2005 in base alla quale la disciplina di protezione dei dati personali rientra fra la materia di competenza esclusiva statale riferita all’ “ordinamento civile”). Tali principi sono stati ribaditi dal Garante nell’ambito di diverse decisioni su casi concreti. Banche, credito, finanza AI - Intelligenza artificiale Internet e nuove tecnologie Istruzione e formazione Marketing e comunicazioni indesiderate Pubblica amministrazione e trasparenza Sanità e Ricerca scientifica GDPR - Regolamento 2016/679",a86ffa79f8becd2264da24591c6f4f24fa2bbc144532dfba4967f61a233617a6,AI Forensics,Europa,2,POSITIVO (Diritti tutelati),"['di', 'in', 'dei', 'del', 'la']",Non classificato,0.0,-1.0,True,"['Dipartimento Della Funzione Pubblica Della Presidenza Del Consiglio Dei Ministri - || Istituzioni', 'Inpa || Aziende e Org Private', 'Portale Unico Del Reclutamento || Stati e Luoghi', 'AMI || Tecnologie || IA', 'ICO || Istituzioni || Regno Unito']"
d53b3c8c259cf8ec369fe6a46d2021225fa045a82c8c62cd296484cc7a8a0ab1,gpdp,2026-05-23,2026-05-23T08:12:01.495619,FORMAZIONE - “La Privacy in salute”. Il 29 settembre si terrà il terzo appuntamento dedicato al settore sanitario e della ricerca scientifica - DISPONIBILI LE SLIDE DELL'EVENTO,https://www.garanteprivacy.it/home/docweb/-/docweb-display/docweb/10162094,provvedimento,it,"- SONO DISPONIBILI LE SLIDE DELL'EVENTO: www.gpdp.it/privacy-in-salute “La Privacy in salute”. Il 29 settembre si terrà il terzo appuntamento dedicato al settore sanitario e della ricerca scientifica
Aprirà i lavori Ginevra Cerrina Feroni, Vice Presidente del Garante privacy Prosegue il ciclo di eventi “La Privacy in salute”, promossi dal Garante per creare un’occasione di confronto e approfondimento sui numerosi temi legati alla gestione dei dati personali nel settore della sanità e della ricerca scientifica. Il terzo appuntamento, dedicato al tema “Dal dato al progresso: focus sul dossier sanitario e sulla ricerca scientifica”, è previsto per il prossimo 29 settembre - a partire dalle ore 10.00 - e si svolgerà su una piattaforma digitale. Aprirà i lavori Ginevra Cerrina Feroni, Vice Presidente del Garante per la protezione dei dati personali. Durante l’evento saranno approfondite tematiche di interesse generale per chi opera nel campo della tutela dei dati nel settore sanitario e della ricerca scientifica, anche attraverso focus su aspetti legati a provvedimenti del Garante. L'iniziativa è dedicata principalmente, ma non esclusivamente, a chi svolge la funzione di responsabile della protezione dei dati delle Regioni e delle Provincie autonome, nonché delle strutture sanitarie e di ricerca pubbliche e private, e punta a raggiungere una platea più ampia possibile di interessati attraverso modalità di partecipazione online.",d53b3c8c259cf8ec369fe6a46d2021225fa045a82c8c62cd296484cc7a8a0ab1,AI Forensics,Italia,2,POSITIVO (Diritti tutelati),"['ricerca', 'di', 'della', 'salute', 'privacy']",Non classificato,0.0,-1.0,True,"['Vice Presidente Del Garante || Istituzioni', 'Evento || Aziende e Org Private', 'Ginevra Cerrina Feroni || Personaggi Pubblici', 'Vice Presidente || Aziende e Org Private', 'Provincie || Stati e Luoghi', 'Regioni || Aziende e Org Private', 'GPDP || Istituzioni || Italia']"
a5f076a046a8f5918ec5565d0b1141ed37e2df9c786be5b50fe414cb0d8af933,gpdp,2026-05-23,2026-05-23T08:12:02.373199,"AUDIZIONE del Presidente del Garante per la protezione dei dati personali, Pasquale Stanzione - Disegno di legge as 1578 recante “legge annuale per il mercato e la concorrenza per il 2025""",https://www.garanteprivacy.it/home/docweb/-/docweb-display/docweb/10166076,provvedimento,it,"Audizione del Presidente del Garante per la protezione dei dati personali, Pasquale Stanzione
Disegno di legge as 1578 recante “legge annuale per il mercato e la concorrenza per il 2025"" Senato della Repubblica - 9a Commissione
(11 settembre 2025) - IL VIDEO DELL'AUDIZIONE Ringrazio, anzitutto, la Commissione, per aver inteso acquisire l’avviso del Garante in ordine al disegno di legge. Sono, infatti, profonde e rilevanti le vicendevoli implicazioni tra protezione dei dati, disciplina antitrust e tutela consumeristica, soprattutto in un contesto di sempre più marcata digitalizzazione dell’economia, delle transazioni commerciali e degli stessi servizi ad esse complementari. Preciso sin d’ora che il disegno di legge, così come articolato, non presenta particolari criticità in materia di protezione dei dati. Mi parrebbe, però, utile riflettere sulla possibilità d’inserire, in sede emendativa, talune disposizioni suscettibili tanto di avere un impatto pro-concorrenziale quanto di rafforzare, al contempo, le garanzie sottese alla protezione dei dati personali. Si tratta, peraltro, di alcune proposte che erano state suggerite al Governo lo scorso gennaio, in riscontro a una specifica richiesta di schemi di norme da inserire all’interno del disegno di legge stesso, cui il Garante ascrive la massima importanza. Rinviando all’allegato il dettaglio redazionale delle disposizioni, mi limito in questa sede a descriverne contenuto e ratio, attinenti rispettivamente alla tutela amministrativa del diritto alla protezione dei dati, ai poteri di indagine dell’Autorità e alla disciplina della profilazione della controparte contrattuale. Sotto il primo profilo, si suggerisce di introdurre modifiche al Codice in materia di protezione dei dati personali volte a rimodulare i termini per la definizione dei procedimenti innanzi al Garante. La norma risponde all’esigenza di adeguare lo svolgimento dei procedimenti al grado di complessità che, sempre più, li caratterizza e ancor più li caratterizzerà con la diffusione dell’intelligenza artificiale, oltre che con l’incremento del quantitativo delle istanze che si è registrato negli ultimi anni. La rimodulazione proposta è volta a calibrare le tempistiche procedimentali in funzione delle peculiarità della realtà di riferimento, sempre più caratterizzata dall’incidenza della data economy e delle esigenze di tutela della reputazione aziendale, certamente rilevanti anche in termini concorrenziali. I termini attualmente previsti si sono, infatti, rivelati eccessivamente ristretti rispetto alla complessità che caratterizza le istruttorie e all’esigenza di approfondimento che molti trattamenti di dati personali manifestano, soprattutto nel settore economico-produttivo. La proposta estensione dei termini per la definizione dei procedimenti innanzi al Garante mira, dunque, a garantire un accertamento più organico dei fenomeni correlati ai singoli trattamenti, consentendo di cogliere connessioni suscettibili anche di determinare la riunione di procedimenti altrimenti unitari, auspicabile anche a tutela dei soggetti passivi dell’accertamento. Inoltre, l’ampliamento dei termini procedimentali consentirebbe alle imprese di fruire di tempi maggiori per l’articolazione delle proprie difese e favorirebbe, al contempo, una più ampia ed equa partecipazione dei titolari al contraddittorio procedimentale, a beneficio della completezza dell’accertamento e, dunque, degli stessi interessi di tutte le parti coinvolte. Una seconda norma riconosce, poi, al Garante poteri ispettivi (noti anche come “mistery shopping”) strumentali al più efficace esercizio delle proprie funzioni, attribuendogli – conformemente all’art. 58, par. 6, del GDPR –la facoltà di ispezionare, analizzare e testare specifici beni, applicativi, prodotti e servizi al fine di verificarne la conformità, sotto il profilo dei relativi trattamenti, alla disciplina in materia di protezione dei dati personali. Analogamente all’art. 9, par. 3, lett. d), Regolamento (UE) 2017/2394 – che attribuisce all’AGCM “il potere di acquistare beni o servizi effettuando acquisti a campione, ove necessario in forma anonima, al fine di individuare infrazioni di cui al presente regolamento e raccogliere prove, compreso il potere di ispezionare, osservare, esaminare, smontare o testare beni o servizi” –, la disposizione mira a rafforzare i poteri di indagine del Garante per garantire una tutela effettiva agli interessati, nella maggior parte dei casi anche consumatori, promuovendo anche così maggiore lealtà e correttezza nel mercato. Con l’uniformità, così realizzata, tra i poteri di intervento dell’Autorità e quelli dell’AGCM, si favorirebbero infatti la trasparenza e l’effettiva competitività del mercato, rafforzando al contempo le garanzie per i consumatori. Si tratta di una modifica quantomai urgente, in quanto colma una lacuna sempre più significativa, soprattutto rispetto alla copertura, di cui è necessario disporre, ai fini dell’efficace controllo di siti ad accesso limitato (in particolare, a pagamento). La recente vicenda dei siti sessisti ha dimostrato, ancora una volta e sia pur sul versante specifico della garanzia dei diritti della personalità, quanto il controllo dei contenuti diffusi on line sia fondamentale per la tutela della persona ma, anche, della democrazia. In tal modo si possono, infatti, prevenire attività anche, lato sensu, commerciali volte a lucrare profitti spesso pure elevati sulla lesione di libertà e diritti fondamentali. Rafforzare l’azione del Garante riconoscendogli il potere di svolgere attività di controllo, anche in via anonima, contribuirebbe così, in maniera determinante, all’efficace contrasto dell’esercizio di attività economiche in violazione di norme determinanti per la tutela della persona e la correttezza del mercato. La terza norma proposta intende disciplinare, complessivamente, le modalità e limiti relativi alle attività di profilazione della clientela, particolarmente rilevanti sotto il profilo della trasparenza dei rapporti economici e del mercato. In tali ambiti è, infatti, frequente il ricorso alla valutazione, con processi algoritmici, dell’affidabilità e solvibilità della controparte contrattuale: comprensibile ma indubbiamente invasiva rispetto alla riservatezza individuale, tanto da essere oggetto di pronunce giurisdizionali anche in sede europea. La disposizione introduce, dunque, quelle “misure adeguate” a tutela degli interessati, in conformità con quanto disposto dall’art. 22 del GDPR, richieste dalla Corte di giustizia UE con sentenza del 7 dicembre 2023 (causa C 634/21). Quest’ultima, infatti, ha chiarito che lo “scoring” – ovvero la valutazione dell’affidabilità e solvibilità dell’interessato e di suoi particolari comportamenti futuri – costituisce un processo decisionale automatizzato, in quanto funzionale a determinare in modo decisivo la stipula, l’esecuzione o la cessazione di un rapporto contrattuale. Tali caratteristiche riconducono l’attività di scoring alla disciplina puntuale sancita dall’articolo 22 del GDPR, che esige alcune garanzie e requisiti specifici. La sentenza ha prodotto effetti significativi sul “Codice di condotta per i sistemi informativi gestiti da soggetti privati in tema di crediti al consumo, affidabilità e puntualità nei pagamenti” (Provv. Garante 6 ottobre 2022, n. 324) e sul “Codice di condotta in materia di informazioni commerciali” (Provv. Garante 29 aprile 2021, n. 181) e, in particolare, sui “trattamenti di scoring” ivi previsti, determinando la necessità di individuare un presupposto di liceità del trattamento diverso da quello cui sinora si è fatto ricorso (legittimo interesse del titolare del trattamento: art. 6, par. 1 lett. f), GDPR). Tale presupposto di liceità non può che essere individuato, in conformità alle previsioni tassative di cui al citato articolo 22, in una norma di legge che precisi “le misure adeguate a tutela dei diritti, delle libertà e dei legittimi interessi dell’interessato”. A ciò provvede la norma proposta, mediante la previsione di limiti, presupposti e garanzie rispetto all’attività di profilazione della controparte contrattuale. La disposizione, dunque, mira a colmare la lacuna determinatasi a seguito della pronuncia della Corte, garantendo continuità ai trattamenti di dati personali effettuati nell’ambito delle attività di “scoring”. Attraverso tale modifica si perseguono, inoltre, finalità di tutela della trasparenza del mercato, in particolare attraverso il corretto esercizio di tali attività da parte delle imprese coinvolte, la certezza e trasparenza dei rapporti commerciali ed economici e l’incremento delle tutele a beneficio dei consumatori interessati. PROPOSTE EMENDATIVE AL DDL CONCORRENZA AS 1578 1. TUTELA AMMINISTRATIVA DEL DIRITTO ALLA PROTEZIONE DEI DATI PERSONALI Art. 1
(Modifiche al decreto legislativo 30 giugno 2003, n. 196 in materia di decisione del reclamo) 1. All’articolo 143, comma 3, del codice in materia di protezione dei dati personali, di cui al decreto legislativo 30 giugno 2003, n. 196 e successive modificazioni, al primo periodo, la parola: “nove” è sostituita dalla seguente: “diciotto”, la parola: “tre” è sostituita dalla seguente: “cinque” e al secondo periodo, la parola: “dodici” è sostituita dalla seguente: “ventiquattro”. 2. Dall'attuazione della disposizione di cui al comma 1 non derivano nuovi o maggiori oneri a carico della finanza pubblica. Il Garante vi provvede con le risorse umane, strumentali e finanziarie disponibili a legislazione vigente. 2. POTERI D’INDAGINE DEL GARANTE Art. 2
(Modifiche al decreto legislativo 30 giugno 2003, n. 196 in materia di poteri del Garante) 1. All’articolo 154-bis, comma 1, del codice in materia di protezione dei dati personali, di cui al decreto legislativo 30 giugno 2003, n. 196 e successive modificazioni, dopo la lettera b), è aggiunta, in fine, la seguente: “b-bis) ispezionare, analizzare e testare, ove necessario in forma anonima, specifici beni, applicativi, prodotti e servizi, al fine di verificare la conformità dei trattamenti ad essi correlati, al Regolamento e al presente Codice”. 2. Dall'attuazione della disposizione di cui al comma 1 non derivano nuovi o maggiori oneri a carico della finanza pubblica. Il Garante vi provvede con le risorse umane, strumentali e finanziarie disponibili a legislazione vigente. 3.  DISCIPLINA DELL’ATTIVITÀ DI SCORING ART.3
(Modifiche al decreto legislativo 30 giugno 2003, n. 196 in materia di trattamenti automatizzati di dati personali nell’ambito delle attività di “scoring”) 1. Al codice in materia di protezione dei dati personali, di cui al decreto legislativo 30 giugno 2003, n. 196 e successive modificazioni, sono apportate le seguenti modificazioni: a)  dopo l’articolo 2-octies, è inserito il seguente: 
“Art. 2-octies.1
(Trattamento automatizzato di dati personali per finalità valutative dell’affidabilità e solvibilità degli interessati) 1. Il trattamento automatizzato di dati personali, compresa la profilazione, consistente nell’elaborazione di  un tasso di probabilità basato sull’applicazione di metodi o modelli matematici e/o statistici, in ordine all’affidabilità e solvibilità dell’interessato e a un suo particolare comportamento futuro, costituisce processo decisionale automatizzato, ai sensi e per gli effetti di cui all’articolo 22, paragrafo 1 del Regolamento qualora la stipula, l’esecuzione o la cessazione di un rapporto contrattuale con l’interessato dipenda in modo decisivo  da tale tasso di probabilità. 2. Il trattamento di cui al comma 1 è autorizzato nel rispetto delle misure adeguate a tutela dei diritti, delle libertà e dei legittimi interessi dell’interessato previste dal presente articolo. 3. La decisione di cui al comma 1 non può essere basata su un trattamento automatizzato che abbia ad oggetto dati appartenenti alle categorie di cui agli articoli 9, paragrafo 1 o 10 del Regolamento, dati personali disponibili sui social network o relativi all'indirizzo di residenza o di domicilio dell’interessato, dati personali relativi a minorenni. 4. Nel rispetto dei principi di cui all’articolo 5 del Regolamento, il titolare del trattamento adotta misure tecniche e organizzative adeguate affinché i dati personali utilizzati siano adeguati, pertinenti e limitati a quanto necessario per l’elaborazione del tasso di probabilità di cui al comma 1, sulla base di un metodo matematico-statistico scientificamente riconosciuto, siano trattati esclusivamente ai fini di elaborazione del tasso di probabilità, siano esatti e aggiornati, garantendo la rettifica dei fattori che comportano inesattezze e la minimizzazione del rischio di errori; siano trattati tendendo conto dei rischi per gli interessi e i diritti dell’interessato tra i quali i potenziali effetti discriminatori. 5. Ai sensi degli articoli 13, paragrafo 2, lettera f) e 14, paragrafo 2, lettera g), del Regolamento, il titolare del trattamento che elabora e utilizza i tassi di probabilità di cui al comma 1 informa l’interessato circa l’esistenza di un processo decisionale automatizzato ai sensi dell’articolo 22 del medesimo Regolamento, fornendo informazioni significative sulla logica utilizzata, nonché sull’importanza e sulle conseguenze, per l’interessato, di tale trattamento 6. Il titolare del trattamento che elabora e utilizza tassi di probabilità ai sensi del comma 1 comunica, su richiesta dell'interessato, ai sensi dell’articolo 15, paragrafo 1, lettera h) del Regolamento in forma concisa, trasparente, intelligibile e facilmente accessibile, in un linguaggio chiaro e semplice i dati personali dell'interessato trattati per l’elaborazione del tasso di probabilità e i criteri utilizzati, la ponderazione delle categorie di criteri, nonché l’ incidenza dei singoli criteri sul tasso di probabilità e quella del tasso di probabilità ai fini del conseguimento della decisione di cui al comma 1, con le relative conseguenze per l’interessato. 7. Rispetto alla decisione di cui al comma 1, l'interessato ha il diritto di ottenere l’intervento umano da parte del titolare del trattamento, di esprimere la propria opinione, di ottenere una spiegazione chiara e semplice della decisione conseguita dopo la valutazione, nonché di contestare la stessa decisione.”; b) all’articolo 166, comma 2, dopo le parole: “2-octies” sono inserite le seguenti: “2-octies.1”.",a5f076a046a8f5918ec5565d0b1141ed37e2df9c786be5b50fe414cb0d8af933,AI Forensics,USA / Internazionale,2,POSITIVO (Diritti tutelati),"['di', 'la', 'in', 'del', 'al']",Non classificato,0.0,-1.0,True,"['Audizione Ringrazio || Personaggi Pubblici', 'Pasquale Stanzione Disegno || Personaggi Pubblici', 'Senato Della Repubblica - 9A Commissione || Istituzioni', 'GDPR || Leggi e Regolamentazioni || EU', 'AMI || Tecnologie || IA', 'SARI || Tecnologie || Polizia', 'ICO || Istituzioni || Regno Unito']"
